ID,Type,Criticality,Source,AssetValue,CVE,CVSS,History,HistoryNote,MITRE_Code,MITRE_Name,Timestamp,Recommendations
1,BruteForce,Critical,MailServer-05,7,CVE-2024-38077,9.8,False,Isolated failed login,T1110,Brute Force,2024-11-05 14:43:00,1. Enable account lockout immediately | 2. Block source IP | 3. Enforce MFA | 4. Review VPN/RDP logs for past 24h
2,BruteForce,Low,LaptopUser-10,2,None,0.0,False,Isolated failed login,T1110,Brute Force,2024-11-05 05:13:00,1. Enable account lockout immediately | 2. Block source IP | 3. Enforce MFA | 4. Review VPN/RDP logs for past 24h
3,BruteForce,Low,LaptopUser-09,2,None,0.0,True,Repeated failed logins from same IP over 48h,T1110,Brute Force,2024-11-24 12:26:00,1. Enable account lockout immediately | 2. Block source IP | 3. Enforce MFA | 4. Review VPN/RDP logs for past 24h
4,BruteForce,Medium,WebServer-03,7,None,0.0,False,Isolated failed login,T1110,Brute Force,2024-11-19 06:21:00,1. Enable account lockout immediately | 2. Block source IP | 3. Enforce MFA | 4. Review VPN/RDP logs for past 24h
5,BruteForce,Low,AppServer-06,6,None,0.0,False,Isolated failed login,T1110,Brute Force,2024-11-16 13:54:00,1. Enable account lockout immediately | 2. Block source IP | 3. Enforce MFA | 4. Review VPN/RDP logs for past 24h
6,BruteForce,Medium,WebServer-03,7,None,0.0,True,Repeated failed logins from same IP over 48h,T1110,Brute Force,2024-11-17 09:05:00,1. Enable account lockout immediately | 2. Block source IP | 3. Enforce MFA | 4. Review VPN/RDP logs for past 24h
7,BruteForce,Low,LaptopUser-10,2,None,0.0,True,Repeated failed logins from same IP over 48h,T1110,Brute Force,2024-11-04 05:02:00,1. Enable account lockout immediately | 2. Block source IP | 3. Enforce MFA | 4. Review VPN/RDP logs for past 24h
8,BruteForce,Critical,DatabaseServer-04,9,CVE-2024-38077,9.8,True,Repeated failed logins from same IP over 48h,T1110,Brute Force,2024-11-17 11:17:00,1. Enable account lockout immediately | 2. Block source IP | 3. Enforce MFA | 4. Review VPN/RDP logs for past 24h
9,BruteForce,Low,DomainController-01,10,None,0.0,False,Isolated failed login,T1110,Brute Force,2024-11-29 20:17:00,1. Enable account lockout immediately | 2. Block source IP | 3. Enforce MFA | 4. Review VPN/RDP logs for past 24h
10,BruteForce,Low,DatabaseServer-04,9,None,0.0,True,Repeated failed logins from same IP over 48h,T1110,Brute Force,2024-11-24 00:46:00,1. Enable account lockout immediately | 2. Block source IP | 3. Enforce MFA | 4. Review VPN/RDP logs for past 24h
11,BruteForce,Medium,MailServer-05,7,None,0.0,True,Repeated failed logins from same IP over 48h,T1110,Brute Force,2024-11-25 00:14:00,1. Enable account lockout immediately | 2. Block source IP | 3. Enforce MFA | 4. Review VPN/RDP logs for past 24h
12,BruteForce,Critical,WebServer-03,7,CVE-2024-38077,9.8,True,Repeated failed logins from same IP over 48h,T1110,Brute Force,2024-11-14 17:25:00,1. Enable account lockout immediately | 2. Block source IP | 3. Enforce MFA | 4. Review VPN/RDP logs for past 24h
13,BruteForce,Medium,LaptopUser-10,2,None,0.0,False,Isolated failed login,T1110,Brute Force,2024-11-29 05:31:00,1. Enable account lockout immediately | 2. Block source IP | 3. Enforce MFA | 4. Review VPN/RDP logs for past 24h
14,Malware,Low,Workstation-08,4,None,0.0,False,No prior incidents,T1059,Command and Scripting Interpreter,2024-11-25 04:34:00,1. Isolate the affected endpoint | 2. Run EDR scan and memory dump | 3. Check SIEM for lateral movement | 4. Review process execution logs (T1059)
15,BruteForce,Low,LaptopUser-10,2,None,0.0,False,Isolated failed login,T1110,Brute Force,2024-11-07 03:32:00,1. Enable account lockout immediately | 2. Block source IP | 3. Enforce MFA | 4. Review VPN/RDP logs for past 24h
16,BruteForce,Critical,DatabaseServer-04,9,CVE-2024-38077,9.8,True,Repeated failed logins from same IP over 48h,T1110,Brute Force,2024-11-30 06:27:00,1. Enable account lockout immediately | 2. Block source IP | 3. Enforce MFA | 4. Review VPN/RDP logs for past 24h
17,BruteForce,Low,LaptopUser-10,2,None,0.0,True,Repeated failed logins from same IP over 48h,T1110,Brute Force,2024-11-24 20:55:00,1. Enable account lockout immediately | 2. Block source IP | 3. Enforce MFA | 4. Review VPN/RDP logs for past 24h
18,BruteForce,Low,DatabaseServer-04,9,None,0.0,True,Repeated failed logins from same IP over 48h,T1110,Brute Force,2024-11-28 14:21:00,1. Enable account lockout immediately | 2. Block source IP | 3. Enforce MFA | 4. Review VPN/RDP logs for past 24h
19,BruteForce,Low,Workstation-08,4,None,0.0,True,Repeated failed logins from same IP over 48h,T1110,Brute Force,2024-11-12 11:32:00,1. Enable account lockout immediately | 2. Block source IP | 3. Enforce MFA | 4. Review VPN/RDP logs for past 24h
20,BruteForce,Low,DatabaseServer-04,9,None,0.0,True,Repeated failed logins from same IP over 48h,T1110,Brute Force,2024-11-22 21:38:00,1. Enable account lockout immediately | 2. Block source IP | 3. Enforce MFA | 4. Review VPN/RDP logs for past 24h
21,BruteForce,Medium,DomainController-01,10,None,0.0,True,Repeated failed logins from same IP over 48h,T1110,Brute Force,2024-11-23 21:58:00,1. Enable account lockout immediately | 2. Block source IP | 3. Enforce MFA | 4. Review VPN/RDP logs for past 24h
22,BruteForce,Low,WebServer-03,7,None,0.0,False,Isolated failed login,T1110,Brute Force,2024-11-14 08:15:00,1. Enable account lockout immediately | 2. Block source IP | 3. Enforce MFA | 4. Review VPN/RDP logs for past 24h
23,Malware,Low,DatabaseServer-04,9,None,0.0,True,Similar incident 2 months ago on same subnet,T1059,Command and Scripting Interpreter,2024-11-04 04:48:00,1. Isolate the affected endpoint | 2. Run EDR scan and memory dump | 3. Check SIEM for lateral movement | 4. Review process execution logs (T1059)
24,BruteForce,Low,Workstation-08,4,None,0.0,False,Isolated failed login,T1110,Brute Force,2024-11-23 18:55:00,1. Enable account lockout immediately | 2. Block source IP | 3. Enforce MFA | 4. Review VPN/RDP logs for past 24h
25,DataExfiltration,High,LaptopUser-09,2,CVE-2024-30103,8.8,True,Unusual outbound traffic spike last week,T1041,Exfiltration Over C2 Channel,2024-11-18 06:42:00,1. Block destination IP at perimeter | 2. Capture full network traffic | 3. Identify scope of exfiltrated data | 4. Engage legal team
26,BruteForce,Low,LaptopUser-09,2,None,0.0,False,Isolated failed login,T1110,Brute Force,2024-11-10 20:04:00,1. Enable account lockout immediately | 2. Block source IP | 3. Enforce MFA | 4. Review VPN/RDP logs for past 24h
27,BruteForce,Medium,FileServer-02,8,None,0.0,False,Isolated failed login,T1110,Brute Force,2024-11-28 04:03:00,1. Enable account lockout immediately | 2. Block source IP | 3. Enforce MFA | 4. Review VPN/RDP logs for past 24h
28,Malware,Low,AppServer-06,6,None,0.0,False,No prior incidents,T1059,Command and Scripting Interpreter,2024-11-29 19:31:00,1. Isolate the affected endpoint | 2. Run EDR scan and memory dump | 3. Check SIEM for lateral movement | 4. Review process execution logs (T1059)
29,BruteForce,Medium,LaptopUser-10,2,None,0.0,False,Isolated failed login,T1110,Brute Force,2024-11-21 10:51:00,1. Enable account lockout immediately | 2. Block source IP | 3. Enforce MFA | 4. Review VPN/RDP logs for past 24h
30,BruteForce,Low,Workstation-07,4,None,0.0,True,Repeated failed logins from same IP over 48h,T1110,Brute Force,2024-11-21 04:55:00,1. Enable account lockout immediately | 2. Block source IP | 3. Enforce MFA | 4. Review VPN/RDP logs for past 24h
31,BruteForce,High,DatabaseServer-04,9,CVE-2024-49563,7.3,True,Repeated failed logins from same IP over 48h,T1110,Brute Force,2024-11-15 17:51:00,1. Enable account lockout immediately | 2. Block source IP | 3. Enforce MFA | 4. Review VPN/RDP logs for past 24h
32,BruteForce,Low,FileServer-02,8,None,0.0,True,Repeated failed logins from same IP over 48h,T1110,Brute Force,2024-11-19 06:11:00,1. Enable account lockout immediately | 2. Block source IP | 3. Enforce MFA | 4. Review VPN/RDP logs for past 24h
33,BruteForce,Medium,DatabaseServer-04,9,None,0.0,True,Repeated failed logins from same IP over 48h,T1110,Brute Force,2024-11-24 17:06:00,1. Enable account lockout immediately | 2. Block source IP | 3. Enforce MFA | 4. Review VPN/RDP logs for past 24h
34,DataExfiltration,Medium,WebServer-03,7,None,0.0,True,Unusual outbound traffic spike last week,T1041,Exfiltration Over C2 Channel,2024-11-11 08:10:00,1. Block destination IP at perimeter | 2. Capture full network traffic | 3. Identify scope of exfiltrated data | 4. Engage legal team
35,BruteForce,High,Workstation-07,4,CVE-2024-49563,7.3,False,Isolated failed login,T1110,Brute Force,2024-11-01 08:24:00,1. Enable account lockout immediately | 2. Block source IP | 3. Enforce MFA | 4. Review VPN/RDP logs for past 24h
36,BruteForce,Low,Workstation-08,4,None,0.0,True,Repeated failed logins from same IP over 48h,T1110,Brute Force,2024-11-24 23:42:00,1. Enable account lockout immediately | 2. Block source IP | 3. Enforce MFA | 4. Review VPN/RDP logs for past 24h
37,BruteForce,Critical,MailServer-05,7,CVE-2024-38077,9.8,True,Repeated failed logins from same IP over 48h,T1110,Brute Force,2024-11-25 23:47:00,1. Enable account lockout immediately | 2. Block source IP | 3. Enforce MFA | 4. Review VPN/RDP logs for past 24h
38,BruteForce,High,WebServer-03,7,CVE-2024-49563,7.3,True,Repeated failed logins from same IP over 48h,T1110,Brute Force,2024-11-22 16:58:00,1. Enable account lockout immediately | 2. Block source IP | 3. Enforce MFA | 4. Review VPN/RDP logs for past 24h
39,BruteForce,High,LaptopUser-09,2,CVE-2024-49563,7.3,True,Repeated failed logins from same IP over 48h,T1110,Brute Force,2024-11-04 04:38:00,1. Enable account lockout immediately | 2. Block source IP | 3. Enforce MFA | 4. Review VPN/RDP logs for past 24h
40,Malware,Low,Workstation-07,4,None,0.0,True,Similar incident 2 months ago on same subnet,T1059,Command and Scripting Interpreter,2024-11-11 18:37:00,1. Isolate the affected endpoint | 2. Run EDR scan and memory dump | 3. Check SIEM for lateral movement | 4. Review process execution logs (T1059)
41,BruteForce,Low,Workstation-07,4,None,0.0,True,Repeated failed logins from same IP over 48h,T1110,Brute Force,2024-11-14 17:59:00,1. Enable account lockout immediately | 2. Block source IP | 3. Enforce MFA | 4. Review VPN/RDP logs for past 24h
42,BruteForce,Low,AppServer-06,6,None,0.0,False,Isolated failed login,T1110,Brute Force,2024-11-29 21:41:00,1. Enable account lockout immediately | 2. Block source IP | 3. Enforce MFA | 4. Review VPN/RDP logs for past 24h
43,BruteForce,Low,DatabaseServer-04,9,None,0.0,True,Repeated failed logins from same IP over 48h,T1110,Brute Force,2024-11-25 06:06:00,1. Enable account lockout immediately | 2. Block source IP | 3. Enforce MFA | 4. Review VPN/RDP logs for past 24h
44,BruteForce,Low,MailServer-05,7,None,0.0,False,Isolated failed login,T1110,Brute Force,2024-11-04 04:56:00,1. Enable account lockout immediately | 2. Block source IP | 3. Enforce MFA | 4. Review VPN/RDP logs for past 24h
45,BruteForce,Medium,Workstation-08,4,None,0.0,True,Repeated failed logins from same IP over 48h,T1110,Brute Force,2024-11-27 08:51:00,1. Enable account lockout immediately | 2. Block source IP | 3. Enforce MFA | 4. Review VPN/RDP logs for past 24h
46,BruteForce,Low,LaptopUser-09,2,None,0.0,True,Repeated failed logins from same IP over 48h,T1110,Brute Force,2024-11-05 16:56:00,1. Enable account lockout immediately | 2. Block source IP | 3. Enforce MFA | 4. Review VPN/RDP logs for past 24h
47,BruteForce,Medium,DatabaseServer-04,9,None,0.0,False,Isolated failed login,T1110,Brute Force,2024-11-13 06:38:00,1. Enable account lockout immediately | 2. Block source IP | 3. Enforce MFA | 4. Review VPN/RDP logs for past 24h
48,BruteForce,Medium,MailServer-05,7,None,0.0,False,Isolated failed login,T1110,Brute Force,2024-11-03 10:05:00,1. Enable account lockout immediately | 2. Block source IP | 3. Enforce MFA | 4. Review VPN/RDP logs for past 24h
49,BruteForce,High,WebServer-03,7,CVE-2024-49563,7.3,False,Isolated failed login,T1110,Brute Force,2024-11-06 19:40:00,1. Enable account lockout immediately | 2. Block source IP | 3. Enforce MFA | 4. Review VPN/RDP logs for past 24h
50,BruteForce,Low,Workstation-08,4,None,0.0,True,Repeated failed logins from same IP over 48h,T1110,Brute Force,2024-11-25 04:00:00,1. Enable account lockout immediately | 2. Block source IP | 3. Enforce MFA | 4. Review VPN/RDP logs for past 24h
51,DataExfiltration,Medium,DomainController-01,10,None,0.0,True,Unusual outbound traffic spike last week,T1041,Exfiltration Over C2 Channel,2024-11-26 02:35:00,1. Block destination IP at perimeter | 2. Capture full network traffic | 3. Identify scope of exfiltrated data | 4. Engage legal team
52,BruteForce,Low,MailServer-05,7,None,0.0,True,Repeated failed logins from same IP over 48h,T1110,Brute Force,2024-11-02 22:57:00,1. Enable account lockout immediately | 2. Block source IP | 3. Enforce MFA | 4. Review VPN/RDP logs for past 24h
53,BruteForce,Low,DatabaseServer-04,9,None,0.0,True,Repeated failed logins from same IP over 48h,T1110,Brute Force,2024-11-18 14:39:00,1. Enable account lockout immediately | 2. Block source IP | 3. Enforce MFA | 4. Review VPN/RDP logs for past 24h
54,DataExfiltration,High,FileServer-02,8,CVE-2024-30103,8.8,True,Unusual outbound traffic spike last week,T1041,Exfiltration Over C2 Channel,2024-11-08 19:56:00,1. Block destination IP at perimeter | 2. Capture full network traffic | 3. Identify scope of exfiltrated data | 4. Engage legal team
55,BruteForce,Low,AppServer-06,6,None,0.0,True,Repeated failed logins from same IP over 48h,T1110,Brute Force,2024-11-11 20:17:00,1. Enable account lockout immediately | 2. Block source IP | 3. Enforce MFA | 4. Review VPN/RDP logs for past 24h
56,BruteForce,Medium,Workstation-07,4,None,0.0,True,Repeated failed logins from same IP over 48h,T1110,Brute Force,2024-11-10 17:12:00,1. Enable account lockout immediately | 2. Block source IP | 3. Enforce MFA | 4. Review VPN/RDP logs for past 24h
57,BruteForce,Critical,MailServer-05,7,CVE-2024-38077,9.8,False,Isolated failed login,T1110,Brute Force,2024-11-29 09:12:00,1. Enable account lockout immediately | 2. Block source IP | 3. Enforce MFA | 4. Review VPN/RDP logs for past 24h
58,BruteForce,Medium,DatabaseServer-04,9,None,0.0,False,Isolated failed login,T1110,Brute Force,2024-11-28 14:32:00,1. Enable account lockout immediately | 2. Block source IP | 3. Enforce MFA | 4. Review VPN/RDP logs for past 24h
59,DataExfiltration,Low,LaptopUser-09,2,None,0.0,False,No prior exfiltration events,T1041,Exfiltration Over C2 Channel,2024-11-12 09:11:00,1. Block destination IP at perimeter | 2. Capture full network traffic | 3. Identify scope of exfiltrated data | 4. Engage legal team
60,DataExfiltration,High,WebServer-03,7,CVE-2024-21338,7.8,True,Unusual outbound traffic spike last week,T1041,Exfiltration Over C2 Channel,2024-11-15 23:46:00,1. Block destination IP at perimeter | 2. Capture full network traffic | 3. Identify scope of exfiltrated data | 4. Engage legal team
61,BruteForce,High,LaptopUser-09,2,CVE-2024-49563,7.3,False,Isolated failed login,T1110,Brute Force,2024-11-25 20:12:00,1. Enable account lockout immediately | 2. Block source IP | 3. Enforce MFA | 4. Review VPN/RDP logs for past 24h
62,BruteForce,Medium,WebServer-03,7,None,0.0,True,Repeated failed logins from same IP over 48h,T1110,Brute Force,2024-11-30 13:46:00,1. Enable account lockout immediately | 2. Block source IP | 3. Enforce MFA | 4. Review VPN/RDP logs for past 24h
63,BruteForce,Low,FileServer-02,8,None,0.0,True,Repeated failed logins from same IP over 48h,T1110,Brute Force,2024-11-29 14:58:00,1. Enable account lockout immediately | 2. Block source IP | 3. Enforce MFA | 4. Review VPN/RDP logs for past 24h
64,BruteForce,Medium,DatabaseServer-04,9,None,0.0,False,Isolated failed login,T1110,Brute Force,2024-11-14 10:42:00,1. Enable account lockout immediately | 2. Block source IP | 3. Enforce MFA | 4. Review VPN/RDP logs for past 24h
65,BruteForce,Low,MailServer-05,7,None,0.0,False,Isolated failed login,T1110,Brute Force,2024-11-19 04:42:00,1. Enable account lockout immediately | 2. Block source IP | 3. Enforce MFA | 4. Review VPN/RDP logs for past 24h
66,BruteForce,Low,DomainController-01,10,None,0.0,True,Repeated failed logins from same IP over 48h,T1110,Brute Force,2024-11-18 13:35:00,1. Enable account lockout immediately | 2. Block source IP | 3. Enforce MFA | 4. Review VPN/RDP logs for past 24h
67,BruteForce,Low,FileServer-02,8,None,0.0,True,Repeated failed logins from same IP over 48h,T1110,Brute Force,2024-11-27 03:41:00,1. Enable account lockout immediately | 2. Block source IP | 3. Enforce MFA | 4. Review VPN/RDP logs for past 24h
68,BruteForce,Medium,FileServer-02,8,None,0.0,True,Repeated failed logins from same IP over 48h,T1110,Brute Force,2024-11-08 11:42:00,1. Enable account lockout immediately | 2. Block source IP | 3. Enforce MFA | 4. Review VPN/RDP logs for past 24h
69,BruteForce,Low,LaptopUser-10,2,None,0.0,True,Repeated failed logins from same IP over 48h,T1110,Brute Force,2024-11-11 06:43:00,1. Enable account lockout immediately | 2. Block source IP | 3. Enforce MFA | 4. Review VPN/RDP logs for past 24h
70,BruteForce,Low,DomainController-01,10,None,0.0,False,Isolated failed login,T1110,Brute Force,2024-11-21 12:39:00,1. Enable account lockout immediately | 2. Block source IP | 3. Enforce MFA | 4. Review VPN/RDP logs for past 24h
71,BruteForce,Low,Workstation-07,4,None,0.0,False,Isolated failed login,T1110,Brute Force,2024-11-30 23:24:00,1. Enable account lockout immediately | 2. Block source IP | 3. Enforce MFA | 4. Review VPN/RDP logs for past 24h
72,BruteForce,High,WebServer-03,7,CVE-2024-49563,7.3,True,Repeated failed logins from same IP over 48h,T1110,Brute Force,2024-11-10 14:11:00,1. Enable account lockout immediately | 2. Block source IP | 3. Enforce MFA | 4. Review VPN/RDP logs for past 24h
73,BruteForce,High,Workstation-08,4,CVE-2024-49563,7.3,True,Repeated failed logins from same IP over 48h,T1110,Brute Force,2024-11-06 10:29:00,1. Enable account lockout immediately | 2. Block source IP | 3. Enforce MFA | 4. Review VPN/RDP logs for past 24h
74,BruteForce,Medium,LaptopUser-09,2,None,0.0,True,Repeated failed logins from same IP over 48h,T1110,Brute Force,2024-11-20 03:39:00,1. Enable account lockout immediately | 2. Block source IP | 3. Enforce MFA | 4. Review VPN/RDP logs for past 24h
75,Malware,Low,Workstation-07,4,None,0.0,True,Similar incident 2 months ago on same subnet,T1059,Command and Scripting Interpreter,2024-11-08 00:47:00,1. Isolate the affected endpoint | 2. Run EDR scan and memory dump | 3. Check SIEM for lateral movement | 4. Review process execution logs (T1059)
76,BruteForce,Low,FileServer-02,8,None,0.0,True,Repeated failed logins from same IP over 48h,T1110,Brute Force,2024-11-23 11:31:00,1. Enable account lockout immediately | 2. Block source IP | 3. Enforce MFA | 4. Review VPN/RDP logs for past 24h
77,BruteForce,Low,DatabaseServer-04,9,None,0.0,False,Isolated failed login,T1110,Brute Force,2024-11-15 13:20:00,1. Enable account lockout immediately | 2. Block source IP | 3. Enforce MFA | 4. Review VPN/RDP logs for past 24h
78,BruteForce,Critical,DomainController-01,10,CVE-2024-38077,9.8,False,Isolated failed login,T1110,Brute Force,2024-11-07 18:45:00,1. Enable account lockout immediately | 2. Block source IP | 3. Enforce MFA | 4. Review VPN/RDP logs for past 24h
79,BruteForce,Medium,AppServer-06,6,None,0.0,True,Repeated failed logins from same IP over 48h,T1110,Brute Force,2024-11-10 01:53:00,1. Enable account lockout immediately | 2. Block source IP | 3. Enforce MFA | 4. Review VPN/RDP logs for past 24h
80,Malware,Critical,LaptopUser-10,2,CVE-2024-21412,9.8,True,Similar incident 2 months ago on same subnet,T1059,Command and Scripting Interpreter,2024-11-25 19:24:00,1. Isolate the affected endpoint | 2. Run EDR scan and memory dump | 3. Check SIEM for lateral movement | 4. Review process execution logs (T1059)
81,DataExfiltration,Low,MailServer-05,7,None,0.0,True,Unusual outbound traffic spike last week,T1041,Exfiltration Over C2 Channel,2024-11-19 03:34:00,1. Block destination IP at perimeter | 2. Capture full network traffic | 3. Identify scope of exfiltrated data | 4. Engage legal team
82,BruteForce,Critical,LaptopUser-10,2,CVE-2024-38077,9.8,True,Repeated failed logins from same IP over 48h,T1110,Brute Force,2024-11-12 21:27:00,1. Enable account lockout immediately | 2. Block source IP | 3. Enforce MFA | 4. Review VPN/RDP logs for past 24h
83,BruteForce,Critical,Workstation-07,4,CVE-2024-38077,9.8,True,Repeated failed logins from same IP over 48h,T1110,Brute Force,2024-11-06 16:39:00,1. Enable account lockout immediately | 2. Block source IP | 3. Enforce MFA | 4. Review VPN/RDP logs for past 24h
84,Malware,Low,LaptopUser-10,2,None,0.0,True,Similar incident 2 months ago on same subnet,T1059,Command and Scripting Interpreter,2024-11-04 19:41:00,1. Isolate the affected endpoint | 2. Run EDR scan and memory dump | 3. Check SIEM for lateral movement | 4. Review process execution logs (T1059)
85,Malware,Critical,DomainController-01,10,CVE-2024-21412,9.8,False,No prior incidents,T1059,Command and Scripting Interpreter,2024-11-15 05:13:00,1. Isolate the affected endpoint | 2. Run EDR scan and memory dump | 3. Check SIEM for lateral movement | 4. Review process execution logs (T1059)
86,BruteForce,Low,Workstation-07,4,None,0.0,True,Repeated failed logins from same IP over 48h,T1110,Brute Force,2024-11-19 05:16:00,1. Enable account lockout immediately | 2. Block source IP | 3. Enforce MFA | 4. Review VPN/RDP logs for past 24h
87,BruteForce,High,LaptopUser-09,2,CVE-2024-49563,7.3,True,Repeated failed logins from same IP over 48h,T1110,Brute Force,2024-11-16 04:14:00,1. Enable account lockout immediately | 2. Block source IP | 3. Enforce MFA | 4. Review VPN/RDP logs for past 24h
88,BruteForce,High,WebServer-03,7,CVE-2024-49563,7.3,True,Repeated failed logins from same IP over 48h,T1110,Brute Force,2024-11-09 18:53:00,1. Enable account lockout immediately | 2. Block source IP | 3. Enforce MFA | 4. Review VPN/RDP logs for past 24h
89,BruteForce,Medium,DomainController-01,10,None,0.0,False,Isolated failed login,T1110,Brute Force,2024-11-10 13:29:00,1. Enable account lockout immediately | 2. Block source IP | 3. Enforce MFA | 4. Review VPN/RDP logs for past 24h
90,BruteForce,Low,DomainController-01,10,None,0.0,True,Repeated failed logins from same IP over 48h,T1110,Brute Force,2024-11-06 03:49:00,1. Enable account lockout immediately | 2. Block source IP | 3. Enforce MFA | 4. Review VPN/RDP logs for past 24h
91,DataExfiltration,Low,DatabaseServer-04,9,None,0.0,False,No prior exfiltration events,T1041,Exfiltration Over C2 Channel,2024-11-14 13:36:00,1. Block destination IP at perimeter | 2. Capture full network traffic | 3. Identify scope of exfiltrated data | 4. Engage legal team
92,DataExfiltration,High,Workstation-07,4,CVE-2024-30103,8.8,False,No prior exfiltration events,T1041,Exfiltration Over C2 Channel,2024-11-30 17:53:00,1. Block destination IP at perimeter | 2. Capture full network traffic | 3. Identify scope of exfiltrated data | 4. Engage legal team
93,BruteForce,Low,MailServer-05,7,None,0.0,True,Repeated failed logins from same IP over 48h,T1110,Brute Force,2024-11-25 09:50:00,1. Enable account lockout immediately | 2. Block source IP | 3. Enforce MFA | 4. Review VPN/RDP logs for past 24h
94,BruteForce,Low,AppServer-06,6,None,0.0,True,Repeated failed logins from same IP over 48h,T1110,Brute Force,2024-11-01 18:54:00,1. Enable account lockout immediately | 2. Block source IP | 3. Enforce MFA | 4. Review VPN/RDP logs for past 24h
95,BruteForce,Low,Workstation-07,4,None,0.0,True,Repeated failed logins from same IP over 48h,T1110,Brute Force,2024-11-20 20:45:00,1. Enable account lockout immediately | 2. Block source IP | 3. Enforce MFA | 4. Review VPN/RDP logs for past 24h
96,BruteForce,Medium,LaptopUser-09,2,None,0.0,False,Isolated failed login,T1110,Brute Force,2024-11-24 05:49:00,1. Enable account lockout immediately | 2. Block source IP | 3. Enforce MFA | 4. Review VPN/RDP logs for past 24h
97,BruteForce,Low,LaptopUser-10,2,None,0.0,False,Isolated failed login,T1110,Brute Force,2024-11-11 17:53:00,1. Enable account lockout immediately | 2. Block source IP | 3. Enforce MFA | 4. Review VPN/RDP logs for past 24h
98,BruteForce,Critical,Workstation-08,4,CVE-2024-38077,9.8,True,Repeated failed logins from same IP over 48h,T1110,Brute Force,2024-11-25 13:39:00,1. Enable account lockout immediately | 2. Block source IP | 3. Enforce MFA | 4. Review VPN/RDP logs for past 24h
99,BruteForce,Low,Workstation-08,4,None,0.0,False,Isolated failed login,T1110,Brute Force,2024-11-10 07:22:00,1. Enable account lockout immediately | 2. Block source IP | 3. Enforce MFA | 4. Review VPN/RDP logs for past 24h
100,BruteForce,Low,LaptopUser-10,2,None,0.0,True,Repeated failed logins from same IP over 48h,T1110,Brute Force,2024-11-23 07:12:00,1. Enable account lockout immediately | 2. Block source IP | 3. Enforce MFA | 4. Review VPN/RDP logs for past 24h
101,BruteForce,Medium,Workstation-08,4,None,0.0,False,Isolated failed login,T1110,Brute Force,2024-11-21 13:41:00,1. Enable account lockout immediately | 2. Block source IP | 3. Enforce MFA | 4. Review VPN/RDP logs for past 24h
102,BruteForce,High,WebServer-03,7,CVE-2024-49563,7.3,False,Isolated failed login,T1110,Brute Force,2024-11-18 12:44:00,1. Enable account lockout immediately | 2. Block source IP | 3. Enforce MFA | 4. Review VPN/RDP logs for past 24h
103,BruteForce,Medium,AppServer-06,6,None,0.0,True,Repeated failed logins from same IP over 48h,T1110,Brute Force,2024-11-19 09:47:00,1. Enable account lockout immediately | 2. Block source IP | 3. Enforce MFA | 4. Review VPN/RDP logs for past 24h
104,BruteForce,Low,Workstation-08,4,None,0.0,False,Isolated failed login,T1110,Brute Force,2024-11-11 02:07:00,1. Enable account lockout immediately | 2. Block source IP | 3. Enforce MFA | 4. Review VPN/RDP logs for past 24h
105,BruteForce,Critical,LaptopUser-09,2,CVE-2024-38077,9.8,False,Isolated failed login,T1110,Brute Force,2024-11-21 21:17:00,1. Enable account lockout immediately | 2. Block source IP | 3. Enforce MFA | 4. Review VPN/RDP logs for past 24h
106,DataExfiltration,Low,LaptopUser-09,2,None,0.0,False,No prior exfiltration events,T1041,Exfiltration Over C2 Channel,2024-11-05 12:53:00,1. Block destination IP at perimeter | 2. Capture full network traffic | 3. Identify scope of exfiltrated data | 4. Engage legal team
107,BruteForce,Low,DomainController-01,10,None,0.0,True,Repeated failed logins from same IP over 48h,T1110,Brute Force,2024-11-06 15:17:00,1. Enable account lockout immediately | 2. Block source IP | 3. Enforce MFA | 4. Review VPN/RDP logs for past 24h
108,BruteForce,Medium,MailServer-05,7,None,0.0,False,Isolated failed login,T1110,Brute Force,2024-11-22 04:06:00,1. Enable account lockout immediately | 2. Block source IP | 3. Enforce MFA | 4. Review VPN/RDP logs for past 24h
109,BruteForce,Low,Workstation-08,4,None,0.0,True,Repeated failed logins from same IP over 48h,T1110,Brute Force,2024-11-09 02:03:00,1. Enable account lockout immediately | 2. Block source IP | 3. Enforce MFA | 4. Review VPN/RDP logs for past 24h
110,Malware,Medium,DatabaseServer-04,9,None,0.0,True,Similar incident 2 months ago on same subnet,T1059,Command and Scripting Interpreter,2024-11-04 09:36:00,1. Isolate the affected endpoint | 2. Run EDR scan and memory dump | 3. Check SIEM for lateral movement | 4. Review process execution logs (T1059)
111,BruteForce,Low,DomainController-01,10,None,0.0,True,Repeated failed logins from same IP over 48h,T1110,Brute Force,2024-11-04 21:15:00,1. Enable account lockout immediately | 2. Block source IP | 3. Enforce MFA | 4. Review VPN/RDP logs for past 24h
112,BruteForce,Medium,LaptopUser-10,2,None,0.0,True,Repeated failed logins from same IP over 48h,T1110,Brute Force,2024-11-23 13:24:00,1. Enable account lockout immediately | 2. Block source IP | 3. Enforce MFA | 4. Review VPN/RDP logs for past 24h
113,BruteForce,Low,LaptopUser-10,2,None,0.0,False,Isolated failed login,T1110,Brute Force,2024-11-27 17:03:00,1. Enable account lockout immediately | 2. Block source IP | 3. Enforce MFA | 4. Review VPN/RDP logs for past 24h
114,BruteForce,Critical,FileServer-02,8,CVE-2024-38077,9.8,False,Isolated failed login,T1110,Brute Force,2024-11-04 17:10:00,1. Enable account lockout immediately | 2. Block source IP | 3. Enforce MFA | 4. Review VPN/RDP logs for past 24h
115,BruteForce,Low,DomainController-01,10,None,0.0,True,Repeated failed logins from same IP over 48h,T1110,Brute Force,2024-11-26 14:30:00,1. Enable account lockout immediately | 2. Block source IP | 3. Enforce MFA | 4. Review VPN/RDP logs for past 24h
116,BruteForce,Medium,MailServer-05,7,None,0.0,True,Repeated failed logins from same IP over 48h,T1110,Brute Force,2024-11-30 13:14:00,1. Enable account lockout immediately | 2. Block source IP | 3. Enforce MFA | 4. Review VPN/RDP logs for past 24h
117,BruteForce,Critical,LaptopUser-10,2,CVE-2024-38077,9.8,True,Repeated failed logins from same IP over 48h,T1110,Brute Force,2024-11-24 11:14:00,1. Enable account lockout immediately | 2. Block source IP | 3. Enforce MFA | 4. Review VPN/RDP logs for past 24h
118,Malware,Critical,DomainController-01,10,CVE-2024-21412,9.8,False,No prior incidents,T1059,Command and Scripting Interpreter,2024-11-14 08:38:00,1. Isolate the affected endpoint | 2. Run EDR scan and memory dump | 3. Check SIEM for lateral movement | 4. Review process execution logs (T1059)
119,BruteForce,Low,MailServer-05,7,None,0.0,False,Isolated failed login,T1110,Brute Force,2024-11-30 15:19:00,1. Enable account lockout immediately | 2. Block source IP | 3. Enforce MFA | 4. Review VPN/RDP logs for past 24h
120,DataExfiltration,Low,LaptopUser-09,2,None,0.0,True,Unusual outbound traffic spike last week,T1041,Exfiltration Over C2 Channel,2024-11-04 16:38:00,1. Block destination IP at perimeter | 2. Capture full network traffic | 3. Identify scope of exfiltrated data | 4. Engage legal team
121,BruteForce,Medium,AppServer-06,6,None,0.0,False,Isolated failed login,T1110,Brute Force,2024-11-11 00:43:00,1. Enable account lockout immediately | 2. Block source IP | 3. Enforce MFA | 4. Review VPN/RDP logs for past 24h
122,BruteForce,Low,WebServer-03,7,None,0.0,True,Repeated failed logins from same IP over 48h,T1110,Brute Force,2024-11-08 17:30:00,1. Enable account lockout immediately | 2. Block source IP | 3. Enforce MFA | 4. Review VPN/RDP logs for past 24h
123,BruteForce,Critical,MailServer-05,7,CVE-2024-38077,9.8,True,Repeated failed logins from same IP over 48h,T1110,Brute Force,2024-11-19 20:40:00,1. Enable account lockout immediately | 2. Block source IP | 3. Enforce MFA | 4. Review VPN/RDP logs for past 24h
124,DataExfiltration,Low,Workstation-08,4,None,0.0,True,Unusual outbound traffic spike last week,T1041,Exfiltration Over C2 Channel,2024-11-14 22:42:00,1. Block destination IP at perimeter | 2. Capture full network traffic | 3. Identify scope of exfiltrated data | 4. Engage legal team
125,BruteForce,Medium,Workstation-07,4,None,0.0,False,Isolated failed login,T1110,Brute Force,2024-11-18 08:52:00,1. Enable account lockout immediately | 2. Block source IP | 3. Enforce MFA | 4. Review VPN/RDP logs for past 24h
126,BruteForce,Low,DatabaseServer-04,9,None,0.0,False,Isolated failed login,T1110,Brute Force,2024-11-06 04:49:00,1. Enable account lockout immediately | 2. Block source IP | 3. Enforce MFA | 4. Review VPN/RDP logs for past 24h
127,BruteForce,Low,WebServer-03,7,None,0.0,True,Repeated failed logins from same IP over 48h,T1110,Brute Force,2024-11-03 13:12:00,1. Enable account lockout immediately | 2. Block source IP | 3. Enforce MFA | 4. Review VPN/RDP logs for past 24h
128,BruteForce,Low,Workstation-08,4,None,0.0,True,Repeated failed logins from same IP over 48h,T1110,Brute Force,2024-11-09 22:17:00,1. Enable account lockout immediately | 2. Block source IP | 3. Enforce MFA | 4. Review VPN/RDP logs for past 24h
129,DataExfiltration,Low,Workstation-08,4,None,0.0,False,No prior exfiltration events,T1041,Exfiltration Over C2 Channel,2024-11-28 03:38:00,1. Block destination IP at perimeter | 2. Capture full network traffic | 3. Identify scope of exfiltrated data | 4. Engage legal team
130,BruteForce,Low,MailServer-05,7,None,0.0,False,Isolated failed login,T1110,Brute Force,2024-11-18 15:05:00,1. Enable account lockout immediately | 2. Block source IP | 3. Enforce MFA | 4. Review VPN/RDP logs for past 24h
131,BruteForce,Medium,DatabaseServer-04,9,None,0.0,False,Isolated failed login,T1110,Brute Force,2024-11-07 19:31:00,1. Enable account lockout immediately | 2. Block source IP | 3. Enforce MFA | 4. Review VPN/RDP logs for past 24h
132,BruteForce,Low,MailServer-05,7,None,0.0,True,Repeated failed logins from same IP over 48h,T1110,Brute Force,2024-11-21 09:15:00,1. Enable account lockout immediately | 2. Block source IP | 3. Enforce MFA | 4. Review VPN/RDP logs for past 24h
133,BruteForce,Low,FileServer-02,8,None,0.0,True,Repeated failed logins from same IP over 48h,T1110,Brute Force,2024-11-07 01:55:00,1. Enable account lockout immediately | 2. Block source IP | 3. Enforce MFA | 4. Review VPN/RDP logs for past 24h
134,BruteForce,Low,Workstation-07,4,None,0.0,True,Repeated failed logins from same IP over 48h,T1110,Brute Force,2024-11-12 15:52:00,1. Enable account lockout immediately | 2. Block source IP | 3. Enforce MFA | 4. Review VPN/RDP logs for past 24h
135,BruteForce,Medium,LaptopUser-10,2,None,0.0,True,Repeated failed logins from same IP over 48h,T1110,Brute Force,2024-11-07 14:28:00,1. Enable account lockout immediately | 2. Block source IP | 3. Enforce MFA | 4. Review VPN/RDP logs for past 24h
136,BruteForce,Low,LaptopUser-09,2,None,0.0,False,Isolated failed login,T1110,Brute Force,2024-11-14 23:55:00,1. Enable account lockout immediately | 2. Block source IP | 3. Enforce MFA | 4. Review VPN/RDP logs for past 24h
137,BruteForce,Low,LaptopUser-10,2,None,0.0,True,Repeated failed logins from same IP over 48h,T1110,Brute Force,2024-11-18 18:02:00,1. Enable account lockout immediately | 2. Block source IP | 3. Enforce MFA | 4. Review VPN/RDP logs for past 24h
138,BruteForce,Low,Workstation-07,4,None,0.0,True,Repeated failed logins from same IP over 48h,T1110,Brute Force,2024-11-29 01:09:00,1. Enable account lockout immediately | 2. Block source IP | 3. Enforce MFA | 4. Review VPN/RDP logs for past 24h
139,BruteForce,Low,LaptopUser-09,2,None,0.0,False,Isolated failed login,T1110,Brute Force,2024-11-05 12:55:00,1. Enable account lockout immediately | 2. Block source IP | 3. Enforce MFA | 4. Review VPN/RDP logs for past 24h
140,BruteForce,High,Workstation-08,4,CVE-2024-49563,7.3,True,Repeated failed logins from same IP over 48h,T1110,Brute Force,2024-11-18 17:55:00,1. Enable account lockout immediately | 2. Block source IP | 3. Enforce MFA | 4. Review VPN/RDP logs for past 24h
141,BruteForce,Low,Workstation-08,4,None,0.0,False,Isolated failed login,T1110,Brute Force,2024-11-30 19:25:00,1. Enable account lockout immediately | 2. Block source IP | 3. Enforce MFA | 4. Review VPN/RDP logs for past 24h
142,Malware,Low,LaptopUser-09,2,None,0.0,True,Similar incident 2 months ago on same subnet,T1059,Command and Scripting Interpreter,2024-11-27 23:45:00,1. Isolate the affected endpoint | 2. Run EDR scan and memory dump | 3. Check SIEM for lateral movement | 4. Review process execution logs (T1059)
143,BruteForce,High,LaptopUser-09,2,CVE-2024-49563,7.3,True,Repeated failed logins from same IP over 48h,T1110,Brute Force,2024-11-11 06:40:00,1. Enable account lockout immediately | 2. Block source IP | 3. Enforce MFA | 4. Review VPN/RDP logs for past 24h
144,BruteForce,High,FileServer-02,8,CVE-2024-49563,7.3,True,Repeated failed logins from same IP over 48h,T1110,Brute Force,2024-11-05 10:48:00,1. Enable account lockout immediately | 2. Block source IP | 3. Enforce MFA | 4. Review VPN/RDP logs for past 24h
145,Malware,High,Workstation-08,4,CVE-2024-30051,7.8,True,Similar incident 2 months ago on same subnet,T1059,Command and Scripting Interpreter,2024-11-02 11:02:00,1. Isolate the affected endpoint | 2. Run EDR scan and memory dump | 3. Check SIEM for lateral movement | 4. Review process execution logs (T1059)
146,BruteForce,Low,AppServer-06,6,None,0.0,False,Isolated failed login,T1110,Brute Force,2024-11-23 21:26:00,1. Enable account lockout immediately | 2. Block source IP | 3. Enforce MFA | 4. Review VPN/RDP logs for past 24h
147,BruteForce,Critical,DomainController-01,10,CVE-2024-38077,9.8,False,Isolated failed login,T1110,Brute Force,2024-11-17 13:39:00,1. Enable account lockout immediately | 2. Block source IP | 3. Enforce MFA | 4. Review VPN/RDP logs for past 24h
148,BruteForce,Critical,LaptopUser-10,2,CVE-2024-38077,9.8,False,Isolated failed login,T1110,Brute Force,2024-11-28 11:16:00,1. Enable account lockout immediately | 2. Block source IP | 3. Enforce MFA | 4. Review VPN/RDP logs for past 24h
149,BruteForce,Low,Workstation-08,4,None,0.0,True,Repeated failed logins from same IP over 48h,T1110,Brute Force,2024-11-07 23:04:00,1. Enable account lockout immediately | 2. Block source IP | 3. Enforce MFA | 4. Review VPN/RDP logs for past 24h
150,BruteForce,Low,LaptopUser-10,2,None,0.0,True,Repeated failed logins from same IP over 48h,T1110,Brute Force,2024-11-19 08:44:00,1. Enable account lockout immediately | 2. Block source IP | 3. Enforce MFA | 4. Review VPN/RDP logs for past 24h
151,BruteForce,Medium,FileServer-02,8,None,0.0,True,Repeated failed logins from same IP over 48h,T1110,Brute Force,2024-11-05 19:15:00,1. Enable account lockout immediately | 2. Block source IP | 3. Enforce MFA | 4. Review VPN/RDP logs for past 24h
152,BruteForce,Medium,MailServer-05,7,None,0.0,False,Isolated failed login,T1110,Brute Force,2024-11-29 08:25:00,1. Enable account lockout immediately | 2. Block source IP | 3. Enforce MFA | 4. Review VPN/RDP logs for past 24h
153,BruteForce,Medium,WebServer-03,7,None,0.0,True,Repeated failed logins from same IP over 48h,T1110,Brute Force,2024-11-13 11:49:00,1. Enable account lockout immediately | 2. Block source IP | 3. Enforce MFA | 4. Review VPN/RDP logs for past 24h
154,BruteForce,Critical,AppServer-06,6,CVE-2024-38077,9.8,True,Repeated failed logins from same IP over 48h,T1110,Brute Force,2024-11-27 17:16:00,1. Enable account lockout immediately | 2. Block source IP | 3. Enforce MFA | 4. Review VPN/RDP logs for past 24h
155,BruteForce,High,DomainController-01,10,CVE-2024-49563,7.3,True,Repeated failed logins from same IP over 48h,T1110,Brute Force,2024-11-28 19:02:00,1. Enable account lockout immediately | 2. Block source IP | 3. Enforce MFA | 4. Review VPN/RDP logs for past 24h
156,BruteForce,Low,LaptopUser-10,2,None,0.0,False,Isolated failed login,T1110,Brute Force,2024-11-13 20:20:00,1. Enable account lockout immediately | 2. Block source IP | 3. Enforce MFA | 4. Review VPN/RDP logs for past 24h
157,BruteForce,Low,DomainController-01,10,None,0.0,True,Repeated failed logins from same IP over 48h,T1110,Brute Force,2024-11-16 20:33:00,1. Enable account lockout immediately | 2. Block source IP | 3. Enforce MFA | 4. Review VPN/RDP logs for past 24h
158,BruteForce,Low,DomainController-01,10,None,0.0,True,Repeated failed logins from same IP over 48h,T1110,Brute Force,2024-11-21 19:51:00,1. Enable account lockout immediately | 2. Block source IP | 3. Enforce MFA | 4. Review VPN/RDP logs for past 24h
159,Malware,Medium,DatabaseServer-04,9,None,0.0,False,No prior incidents,T1059,Command and Scripting Interpreter,2024-11-10 21:55:00,1. Isolate the affected endpoint | 2. Run EDR scan and memory dump | 3. Check SIEM for lateral movement | 4. Review process execution logs (T1059)
160,BruteForce,Low,Workstation-07,4,None,0.0,False,Isolated failed login,T1110,Brute Force,2024-11-18 02:00:00,1. Enable account lockout immediately | 2. Block source IP | 3. Enforce MFA | 4. Review VPN/RDP logs for past 24h
161,BruteForce,Medium,AppServer-06,6,None,0.0,True,Repeated failed logins from same IP over 48h,T1110,Brute Force,2024-11-26 04:24:00,1. Enable account lockout immediately | 2. Block source IP | 3. Enforce MFA | 4. Review VPN/RDP logs for past 24h
162,DataExfiltration,High,DatabaseServer-04,9,CVE-2024-30103,8.8,True,Unusual outbound traffic spike last week,T1041,Exfiltration Over C2 Channel,2024-11-27 16:56:00,1. Block destination IP at perimeter | 2. Capture full network traffic | 3. Identify scope of exfiltrated data | 4. Engage legal team
163,BruteForce,Critical,LaptopUser-10,2,CVE-2024-38077,9.8,True,Repeated failed logins from same IP over 48h,T1110,Brute Force,2024-11-28 08:52:00,1. Enable account lockout immediately | 2. Block source IP | 3. Enforce MFA | 4. Review VPN/RDP logs for past 24h
164,BruteForce,High,Workstation-07,4,CVE-2024-49563,7.3,False,Isolated failed login,T1110,Brute Force,2024-11-02 20:19:00,1. Enable account lockout immediately | 2. Block source IP | 3. Enforce MFA | 4. Review VPN/RDP logs for past 24h
165,BruteForce,Low,FileServer-02,8,None,0.0,False,Isolated failed login,T1110,Brute Force,2024-11-20 14:23:00,1. Enable account lockout immediately | 2. Block source IP | 3. Enforce MFA | 4. Review VPN/RDP logs for past 24h
166,BruteForce,Low,LaptopUser-09,2,None,0.0,True,Repeated failed logins from same IP over 48h,T1110,Brute Force,2024-11-07 20:56:00,1. Enable account lockout immediately | 2. Block source IP | 3. Enforce MFA | 4. Review VPN/RDP logs for past 24h
167,BruteForce,Low,Workstation-08,4,None,0.0,True,Repeated failed logins from same IP over 48h,T1110,Brute Force,2024-11-13 04:02:00,1. Enable account lockout immediately | 2. Block source IP | 3. Enforce MFA | 4. Review VPN/RDP logs for past 24h
168,BruteForce,Critical,Workstation-08,4,CVE-2024-38077,9.8,True,Repeated failed logins from same IP over 48h,T1110,Brute Force,2024-11-05 11:43:00,1. Enable account lockout immediately | 2. Block source IP | 3. Enforce MFA | 4. Review VPN/RDP logs for past 24h
169,Malware,Low,AppServer-06,6,None,0.0,False,No prior incidents,T1059,Command and Scripting Interpreter,2024-11-06 11:54:00,1. Isolate the affected endpoint | 2. Run EDR scan and memory dump | 3. Check SIEM for lateral movement | 4. Review process execution logs (T1059)
170,BruteForce,Low,FileServer-02,8,None,0.0,True,Repeated failed logins from same IP over 48h,T1110,Brute Force,2024-11-03 09:50:00,1. Enable account lockout immediately | 2. Block source IP | 3. Enforce MFA | 4. Review VPN/RDP logs for past 24h
171,DataExfiltration,Low,LaptopUser-10,2,None,0.0,True,Unusual outbound traffic spike last week,T1041,Exfiltration Over C2 Channel,2024-11-24 21:13:00,1. Block destination IP at perimeter | 2. Capture full network traffic | 3. Identify scope of exfiltrated data | 4. Engage legal team
172,BruteForce,Low,FileServer-02,8,None,0.0,True,Repeated failed logins from same IP over 48h,T1110,Brute Force,2024-11-26 16:00:00,1. Enable account lockout immediately | 2. Block source IP | 3. Enforce MFA | 4. Review VPN/RDP logs for past 24h
173,DataExfiltration,Medium,DomainController-01,10,None,0.0,True,Unusual outbound traffic spike last week,T1041,Exfiltration Over C2 Channel,2024-11-05 22:42:00,1. Block destination IP at perimeter | 2. Capture full network traffic | 3. Identify scope of exfiltrated data | 4. Engage legal team
174,BruteForce,Critical,AppServer-06,6,CVE-2024-38077,9.8,True,Repeated failed logins from same IP over 48h,T1110,Brute Force,2024-11-01 22:11:00,1. Enable account lockout immediately | 2. Block source IP | 3. Enforce MFA | 4. Review VPN/RDP logs for past 24h
175,BruteForce,Medium,Workstation-07,4,None,0.0,True,Repeated failed logins from same IP over 48h,T1110,Brute Force,2024-11-21 13:28:00,1. Enable account lockout immediately | 2. Block source IP | 3. Enforce MFA | 4. Review VPN/RDP logs for past 24h
176,BruteForce,Low,DatabaseServer-04,9,None,0.0,True,Repeated failed logins from same IP over 48h,T1110,Brute Force,2024-11-27 11:02:00,1. Enable account lockout immediately | 2. Block source IP | 3. Enforce MFA | 4. Review VPN/RDP logs for past 24h
177,Malware,High,LaptopUser-09,2,CVE-2024-38112,8.8,True,Similar incident 2 months ago on same subnet,T1059,Command and Scripting Interpreter,2024-11-02 13:03:00,1. Isolate the affected endpoint | 2. Run EDR scan and memory dump | 3. Check SIEM for lateral movement | 4. Review process execution logs (T1059)
178,BruteForce,High,Workstation-07,4,CVE-2024-49563,7.3,True,Repeated failed logins from same IP over 48h,T1110,Brute Force,2024-11-20 04:04:00,1. Enable account lockout immediately | 2. Block source IP | 3. Enforce MFA | 4. Review VPN/RDP logs for past 24h
179,BruteForce,High,DomainController-01,10,CVE-2024-49563,7.3,False,Isolated failed login,T1110,Brute Force,2024-11-27 21:40:00,1. Enable account lockout immediately | 2. Block source IP | 3. Enforce MFA | 4. Review VPN/RDP logs for past 24h
180,BruteForce,Low,Workstation-07,4,None,0.0,True,Repeated failed logins from same IP over 48h,T1110,Brute Force,2024-11-20 14:32:00,1. Enable account lockout immediately | 2. Block source IP | 3. Enforce MFA | 4. Review VPN/RDP logs for past 24h
181,BruteForce,Low,DatabaseServer-04,9,None,0.0,True,Repeated failed logins from same IP over 48h,T1110,Brute Force,2024-11-10 10:27:00,1. Enable account lockout immediately | 2. Block source IP | 3. Enforce MFA | 4. Review VPN/RDP logs for past 24h
182,BruteForce,Low,AppServer-06,6,None,0.0,False,Isolated failed login,T1110,Brute Force,2024-11-05 07:20:00,1. Enable account lockout immediately | 2. Block source IP | 3. Enforce MFA | 4. Review VPN/RDP logs for past 24h
183,BruteForce,Critical,AppServer-06,6,CVE-2024-38077,9.8,True,Repeated failed logins from same IP over 48h,T1110,Brute Force,2024-11-21 11:04:00,1. Enable account lockout immediately | 2. Block source IP | 3. Enforce MFA | 4. Review VPN/RDP logs for past 24h
184,BruteForce,Low,Workstation-07,4,None,0.0,True,Repeated failed logins from same IP over 48h,T1110,Brute Force,2024-11-06 19:35:00,1. Enable account lockout immediately | 2. Block source IP | 3. Enforce MFA | 4. Review VPN/RDP logs for past 24h
185,DataExfiltration,Low,LaptopUser-09,2,None,0.0,False,No prior exfiltration events,T1041,Exfiltration Over C2 Channel,2024-11-16 08:55:00,1. Block destination IP at perimeter | 2. Capture full network traffic | 3. Identify scope of exfiltrated data | 4. Engage legal team
186,BruteForce,Low,WebServer-03,7,None,0.0,True,Repeated failed logins from same IP over 48h,T1110,Brute Force,2024-11-16 06:06:00,1. Enable account lockout immediately | 2. Block source IP | 3. Enforce MFA | 4. Review VPN/RDP logs for past 24h
187,BruteForce,Critical,Workstation-08,4,CVE-2024-38077,9.8,True,Repeated failed logins from same IP over 48h,T1110,Brute Force,2024-11-16 04:54:00,1. Enable account lockout immediately | 2. Block source IP | 3. Enforce MFA | 4. Review VPN/RDP logs for past 24h
188,BruteForce,Low,MailServer-05,7,None,0.0,False,Isolated failed login,T1110,Brute Force,2024-11-19 13:54:00,1. Enable account lockout immediately | 2. Block source IP | 3. Enforce MFA | 4. Review VPN/RDP logs for past 24h
189,BruteForce,Low,LaptopUser-10,2,None,0.0,True,Repeated failed logins from same IP over 48h,T1110,Brute Force,2024-11-25 00:01:00,1. Enable account lockout immediately | 2. Block source IP | 3. Enforce MFA | 4. Review VPN/RDP logs for past 24h
190,BruteForce,High,MailServer-05,7,CVE-2024-49563,7.3,False,Isolated failed login,T1110,Brute Force,2024-12-01 05:48:00,1. Enable account lockout immediately | 2. Block source IP | 3. Enforce MFA | 4. Review VPN/RDP logs for past 24h
191,BruteForce,Low,WebServer-03,7,None,0.0,False,Isolated failed login,T1110,Brute Force,2024-11-29 07:25:00,1. Enable account lockout immediately | 2. Block source IP | 3. Enforce MFA | 4. Review VPN/RDP logs for past 24h
192,BruteForce,Low,WebServer-03,7,None,0.0,True,Repeated failed logins from same IP over 48h,T1110,Brute Force,2024-11-17 07:26:00,1. Enable account lockout immediately | 2. Block source IP | 3. Enforce MFA | 4. Review VPN/RDP logs for past 24h
193,BruteForce,Low,MailServer-05,7,None,0.0,True,Repeated failed logins from same IP over 48h,T1110,Brute Force,2024-11-25 11:38:00,1. Enable account lockout immediately | 2. Block source IP | 3. Enforce MFA | 4. Review VPN/RDP logs for past 24h
194,BruteForce,Medium,DomainController-01,10,None,0.0,False,Isolated failed login,T1110,Brute Force,2024-11-04 17:17:00,1. Enable account lockout immediately | 2. Block source IP | 3. Enforce MFA | 4. Review VPN/RDP logs for past 24h
195,BruteForce,Low,LaptopUser-10,2,None,0.0,True,Repeated failed logins from same IP over 48h,T1110,Brute Force,2024-11-10 10:48:00,1. Enable account lockout immediately | 2. Block source IP | 3. Enforce MFA | 4. Review VPN/RDP logs for past 24h
196,BruteForce,Low,DatabaseServer-04,9,None,0.0,True,Repeated failed logins from same IP over 48h,T1110,Brute Force,2024-11-26 13:31:00,1. Enable account lockout immediately | 2. Block source IP | 3. Enforce MFA | 4. Review VPN/RDP logs for past 24h
197,BruteForce,Low,FileServer-02,8,None,0.0,True,Repeated failed logins from same IP over 48h,T1110,Brute Force,2024-11-03 14:00:00,1. Enable account lockout immediately | 2. Block source IP | 3. Enforce MFA | 4. Review VPN/RDP logs for past 24h
198,DataExfiltration,Medium,DomainController-01,10,None,0.0,False,No prior exfiltration events,T1041,Exfiltration Over C2 Channel,2024-11-06 08:00:00,1. Block destination IP at perimeter | 2. Capture full network traffic | 3. Identify scope of exfiltrated data | 4. Engage legal team
199,BruteForce,Low,DomainController-01,10,None,0.0,True,Repeated failed logins from same IP over 48h,T1110,Brute Force,2024-11-11 01:32:00,1. Enable account lockout immediately | 2. Block source IP | 3. Enforce MFA | 4. Review VPN/RDP logs for past 24h
200,BruteForce,High,AppServer-06,6,CVE-2024-49563,7.3,False,Isolated failed login,T1110,Brute Force,2024-11-03 01:27:00,1. Enable account lockout immediately | 2. Block source IP | 3. Enforce MFA | 4. Review VPN/RDP logs for past 24h
201,DataExfiltration,Medium,AppServer-06,6,None,0.0,True,Unusual outbound traffic spike last week,T1041,Exfiltration Over C2 Channel,2024-11-28 13:26:00,1. Block destination IP at perimeter | 2. Capture full network traffic | 3. Identify scope of exfiltrated data | 4. Engage legal team
202,BruteForce,Low,AppServer-06,6,None,0.0,True,Repeated failed logins from same IP over 48h,T1110,Brute Force,2024-11-20 21:53:00,1. Enable account lockout immediately | 2. Block source IP | 3. Enforce MFA | 4. Review VPN/RDP logs for past 24h
203,BruteForce,High,Workstation-07,4,CVE-2024-49563,7.3,False,Isolated failed login,T1110,Brute Force,2024-11-26 09:25:00,1. Enable account lockout immediately | 2. Block source IP | 3. Enforce MFA | 4. Review VPN/RDP logs for past 24h
204,BruteForce,Low,MailServer-05,7,None,0.0,False,Isolated failed login,T1110,Brute Force,2024-11-08 10:04:00,1. Enable account lockout immediately | 2. Block source IP | 3. Enforce MFA | 4. Review VPN/RDP logs for past 24h
205,BruteForce,Critical,LaptopUser-09,2,CVE-2024-38077,9.8,True,Repeated failed logins from same IP over 48h,T1110,Brute Force,2024-11-16 03:22:00,1. Enable account lockout immediately | 2. Block source IP | 3. Enforce MFA | 4. Review VPN/RDP logs for past 24h
206,BruteForce,Critical,DomainController-01,10,CVE-2024-38077,9.8,False,Isolated failed login,T1110,Brute Force,2024-11-12 04:12:00,1. Enable account lockout immediately | 2. Block source IP | 3. Enforce MFA | 4. Review VPN/RDP logs for past 24h
207,BruteForce,Low,DatabaseServer-04,9,None,0.0,True,Repeated failed logins from same IP over 48h,T1110,Brute Force,2024-11-22 07:29:00,1. Enable account lockout immediately | 2. Block source IP | 3. Enforce MFA | 4. Review VPN/RDP logs for past 24h
208,BruteForce,Low,Workstation-08,4,None,0.0,True,Repeated failed logins from same IP over 48h,T1110,Brute Force,2024-11-27 21:20:00,1. Enable account lockout immediately | 2. Block source IP | 3. Enforce MFA | 4. Review VPN/RDP logs for past 24h
209,BruteForce,Low,DomainController-01,10,None,0.0,False,Isolated failed login,T1110,Brute Force,2024-11-20 02:40:00,1. Enable account lockout immediately | 2. Block source IP | 3. Enforce MFA | 4. Review VPN/RDP logs for past 24h
210,BruteForce,Low,WebServer-03,7,None,0.0,False,Isolated failed login,T1110,Brute Force,2024-11-20 22:28:00,1. Enable account lockout immediately | 2. Block source IP | 3. Enforce MFA | 4. Review VPN/RDP logs for past 24h
211,BruteForce,Low,MailServer-05,7,None,0.0,True,Repeated failed logins from same IP over 48h,T1110,Brute Force,2024-11-05 02:39:00,1. Enable account lockout immediately | 2. Block source IP | 3. Enforce MFA | 4. Review VPN/RDP logs for past 24h
212,BruteForce,Low,LaptopUser-10,2,None,0.0,True,Repeated failed logins from same IP over 48h,T1110,Brute Force,2024-11-03 00:28:00,1. Enable account lockout immediately | 2. Block source IP | 3. Enforce MFA | 4. Review VPN/RDP logs for past 24h
213,BruteForce,Low,FileServer-02,8,None,0.0,True,Repeated failed logins from same IP over 48h,T1110,Brute Force,2024-11-22 15:09:00,1. Enable account lockout immediately | 2. Block source IP | 3. Enforce MFA | 4. Review VPN/RDP logs for past 24h
214,BruteForce,High,AppServer-06,6,CVE-2024-49563,7.3,True,Repeated failed logins from same IP over 48h,T1110,Brute Force,2024-11-08 14:02:00,1. Enable account lockout immediately | 2. Block source IP | 3. Enforce MFA | 4. Review VPN/RDP logs for past 24h
215,BruteForce,Medium,Workstation-08,4,None,0.0,True,Repeated failed logins from same IP over 48h,T1110,Brute Force,2024-11-16 18:23:00,1. Enable account lockout immediately | 2. Block source IP | 3. Enforce MFA | 4. Review VPN/RDP logs for past 24h
216,BruteForce,Low,AppServer-06,6,None,0.0,False,Isolated failed login,T1110,Brute Force,2024-11-28 04:41:00,1. Enable account lockout immediately | 2. Block source IP | 3. Enforce MFA | 4. Review VPN/RDP logs for past 24h
217,BruteForce,Medium,LaptopUser-09,2,None,0.0,False,Isolated failed login,T1110,Brute Force,2024-11-29 06:58:00,1. Enable account lockout immediately | 2. Block source IP | 3. Enforce MFA | 4. Review VPN/RDP logs for past 24h
218,BruteForce,Low,DatabaseServer-04,9,None,0.0,True,Repeated failed logins from same IP over 48h,T1110,Brute Force,2024-11-16 04:19:00,1. Enable account lockout immediately | 2. Block source IP | 3. Enforce MFA | 4. Review VPN/RDP logs for past 24h
219,BruteForce,Critical,Workstation-07,4,CVE-2024-38077,9.8,True,Repeated failed logins from same IP over 48h,T1110,Brute Force,2024-11-04 20:19:00,1. Enable account lockout immediately | 2. Block source IP | 3. Enforce MFA | 4. Review VPN/RDP logs for past 24h
220,BruteForce,Critical,AppServer-06,6,CVE-2024-38077,9.8,True,Repeated failed logins from same IP over 48h,T1110,Brute Force,2024-11-30 11:58:00,1. Enable account lockout immediately | 2. Block source IP | 3. Enforce MFA | 4. Review VPN/RDP logs for past 24h
221,BruteForce,Low,Workstation-07,4,None,0.0,False,Isolated failed login,T1110,Brute Force,2024-11-16 17:19:00,1. Enable account lockout immediately | 2. Block source IP | 3. Enforce MFA | 4. Review VPN/RDP logs for past 24h
222,BruteForce,Low,Workstation-08,4,None,0.0,True,Repeated failed logins from same IP over 48h,T1110,Brute Force,2024-11-07 20:04:00,1. Enable account lockout immediately | 2. Block source IP | 3. Enforce MFA | 4. Review VPN/RDP logs for past 24h
223,BruteForce,Medium,LaptopUser-09,2,None,0.0,True,Repeated failed logins from same IP over 48h,T1110,Brute Force,2024-11-23 17:02:00,1. Enable account lockout immediately | 2. Block source IP | 3. Enforce MFA | 4. Review VPN/RDP logs for past 24h
224,Malware,High,LaptopUser-10,2,CVE-2024-30051,7.8,True,Similar incident 2 months ago on same subnet,T1059,Command and Scripting Interpreter,2024-11-07 19:10:00,1. Isolate the affected endpoint | 2. Run EDR scan and memory dump | 3. Check SIEM for lateral movement | 4. Review process execution logs (T1059)
225,BruteForce,Medium,LaptopUser-10,2,None,0.0,False,Isolated failed login,T1110,Brute Force,2024-11-19 22:02:00,1. Enable account lockout immediately | 2. Block source IP | 3. Enforce MFA | 4. Review VPN/RDP logs for past 24h
226,BruteForce,Low,FileServer-02,8,None,0.0,True,Repeated failed logins from same IP over 48h,T1110,Brute Force,2024-11-20 09:14:00,1. Enable account lockout immediately | 2. Block source IP | 3. Enforce MFA | 4. Review VPN/RDP logs for past 24h
227,BruteForce,Critical,Workstation-08,4,CVE-2024-38077,9.8,False,Isolated failed login,T1110,Brute Force,2024-11-25 14:28:00,1. Enable account lockout immediately | 2. Block source IP | 3. Enforce MFA | 4. Review VPN/RDP logs for past 24h
228,BruteForce,Low,Workstation-07,4,None,0.0,True,Repeated failed logins from same IP over 48h,T1110,Brute Force,2024-11-08 03:52:00,1. Enable account lockout immediately | 2. Block source IP | 3. Enforce MFA | 4. Review VPN/RDP logs for past 24h
229,BruteForce,Low,MailServer-05,7,None,0.0,True,Repeated failed logins from same IP over 48h,T1110,Brute Force,2024-11-17 02:35:00,1. Enable account lockout immediately | 2. Block source IP | 3. Enforce MFA | 4. Review VPN/RDP logs for past 24h
230,BruteForce,High,LaptopUser-09,2,CVE-2024-49563,7.3,False,Isolated failed login,T1110,Brute Force,2024-11-08 02:17:00,1. Enable account lockout immediately | 2. Block source IP | 3. Enforce MFA | 4. Review VPN/RDP logs for past 24h
231,BruteForce,High,Workstation-07,4,CVE-2024-49563,7.3,True,Repeated failed logins from same IP over 48h,T1110,Brute Force,2024-11-10 17:52:00,1. Enable account lockout immediately | 2. Block source IP | 3. Enforce MFA | 4. Review VPN/RDP logs for past 24h
232,BruteForce,Low,WebServer-03,7,None,0.0,False,Isolated failed login,T1110,Brute Force,2024-11-22 16:23:00,1. Enable account lockout immediately | 2. Block source IP | 3. Enforce MFA | 4. Review VPN/RDP logs for past 24h
233,DataExfiltration,Low,AppServer-06,6,None,0.0,False,No prior exfiltration events,T1041,Exfiltration Over C2 Channel,2024-11-05 11:53:00,1. Block destination IP at perimeter | 2. Capture full network traffic | 3. Identify scope of exfiltrated data | 4. Engage legal team
234,BruteForce,Critical,DomainController-01,10,CVE-2024-38077,9.8,False,Isolated failed login,T1110,Brute Force,2024-11-21 09:44:00,1. Enable account lockout immediately | 2. Block source IP | 3. Enforce MFA | 4. Review VPN/RDP logs for past 24h
235,BruteForce,Low,Workstation-08,4,None,0.0,True,Repeated failed logins from same IP over 48h,T1110,Brute Force,2024-11-04 15:01:00,1. Enable account lockout immediately | 2. Block source IP | 3. Enforce MFA | 4. Review VPN/RDP logs for past 24h
236,BruteForce,Medium,LaptopUser-09,2,None,0.0,True,Repeated failed logins from same IP over 48h,T1110,Brute Force,2024-11-19 07:07:00,1. Enable account lockout immediately | 2. Block source IP | 3. Enforce MFA | 4. Review VPN/RDP logs for past 24h
237,BruteForce,High,DatabaseServer-04,9,CVE-2024-49563,7.3,False,Isolated failed login,T1110,Brute Force,2024-11-28 12:50:00,1. Enable account lockout immediately | 2. Block source IP | 3. Enforce MFA | 4. Review VPN/RDP logs for past 24h
238,BruteForce,Low,Workstation-08,4,None,0.0,True,Repeated failed logins from same IP over 48h,T1110,Brute Force,2024-11-28 05:32:00,1. Enable account lockout immediately | 2. Block source IP | 3. Enforce MFA | 4. Review VPN/RDP logs for past 24h
239,BruteForce,Low,MailServer-05,7,None,0.0,False,Isolated failed login,T1110,Brute Force,2024-11-16 07:15:00,1. Enable account lockout immediately | 2. Block source IP | 3. Enforce MFA | 4. Review VPN/RDP logs for past 24h
240,BruteForce,Low,DatabaseServer-04,9,None,0.0,True,Repeated failed logins from same IP over 48h,T1110,Brute Force,2024-11-04 03:33:00,1. Enable account lockout immediately | 2. Block source IP | 3. Enforce MFA | 4. Review VPN/RDP logs for past 24h
241,BruteForce,Low,LaptopUser-09,2,None,0.0,False,Isolated failed login,T1110,Brute Force,2024-11-21 07:02:00,1. Enable account lockout immediately | 2. Block source IP | 3. Enforce MFA | 4. Review VPN/RDP logs for past 24h
242,DataExfiltration,High,MailServer-05,7,CVE-2024-21338,7.8,False,No prior exfiltration events,T1041,Exfiltration Over C2 Channel,2024-11-04 03:22:00,1. Block destination IP at perimeter | 2. Capture full network traffic | 3. Identify scope of exfiltrated data | 4. Engage legal team
243,BruteForce,Medium,DatabaseServer-04,9,None,0.0,True,Repeated failed logins from same IP over 48h,T1110,Brute Force,2024-11-15 10:08:00,1. Enable account lockout immediately | 2. Block source IP | 3. Enforce MFA | 4. Review VPN/RDP logs for past 24h
244,BruteForce,Medium,DomainController-01,10,None,0.0,True,Repeated failed logins from same IP over 48h,T1110,Brute Force,2024-11-30 22:30:00,1. Enable account lockout immediately | 2. Block source IP | 3. Enforce MFA | 4. Review VPN/RDP logs for past 24h
245,BruteForce,Low,DatabaseServer-04,9,None,0.0,False,Isolated failed login,T1110,Brute Force,2024-11-09 20:02:00,1. Enable account lockout immediately | 2. Block source IP | 3. Enforce MFA | 4. Review VPN/RDP logs for past 24h
246,Malware,High,AppServer-06,6,CVE-2024-38112,8.8,True,Similar incident 2 months ago on same subnet,T1059,Command and Scripting Interpreter,2024-11-24 10:30:00,1. Isolate the affected endpoint | 2. Run EDR scan and memory dump | 3. Check SIEM for lateral movement | 4. Review process execution logs (T1059)
247,BruteForce,Low,FileServer-02,8,None,0.0,True,Repeated failed logins from same IP over 48h,T1110,Brute Force,2024-11-03 06:55:00,1. Enable account lockout immediately | 2. Block source IP | 3. Enforce MFA | 4. Review VPN/RDP logs for past 24h
248,BruteForce,Low,AppServer-06,6,None,0.0,True,Repeated failed logins from same IP over 48h,T1110,Brute Force,2024-11-20 00:57:00,1. Enable account lockout immediately | 2. Block source IP | 3. Enforce MFA | 4. Review VPN/RDP logs for past 24h
249,BruteForce,Low,DomainController-01,10,None,0.0,True,Repeated failed logins from same IP over 48h,T1110,Brute Force,2024-11-16 22:59:00,1. Enable account lockout immediately | 2. Block source IP | 3. Enforce MFA | 4. Review VPN/RDP logs for past 24h
250,BruteForce,Low,DatabaseServer-04,9,None,0.0,False,Isolated failed login,T1110,Brute Force,2024-11-26 22:52:00,1. Enable account lockout immediately | 2. Block source IP | 3. Enforce MFA | 4. Review VPN/RDP logs for past 24h
251,BruteForce,Low,DatabaseServer-04,9,None,0.0,True,Repeated failed logins from same IP over 48h,T1110,Brute Force,2024-11-14 07:28:00,1. Enable account lockout immediately | 2. Block source IP | 3. Enforce MFA | 4. Review VPN/RDP logs for past 24h
252,BruteForce,Low,Workstation-08,4,None,0.0,True,Repeated failed logins from same IP over 48h,T1110,Brute Force,2024-11-16 07:39:00,1. Enable account lockout immediately | 2. Block source IP | 3. Enforce MFA | 4. Review VPN/RDP logs for past 24h
253,BruteForce,High,WebServer-03,7,CVE-2024-49563,7.3,True,Repeated failed logins from same IP over 48h,T1110,Brute Force,2024-11-18 13:23:00,1. Enable account lockout immediately | 2. Block source IP | 3. Enforce MFA | 4. Review VPN/RDP logs for past 24h
254,BruteForce,High,DomainController-01,10,CVE-2024-49563,7.3,False,Isolated failed login,T1110,Brute Force,2024-11-27 04:43:00,1. Enable account lockout immediately | 2. Block source IP | 3. Enforce MFA | 4. Review VPN/RDP logs for past 24h
255,BruteForce,Critical,DatabaseServer-04,9,CVE-2024-38077,9.8,True,Repeated failed logins from same IP over 48h,T1110,Brute Force,2024-11-16 21:23:00,1. Enable account lockout immediately | 2. Block source IP | 3. Enforce MFA | 4. Review VPN/RDP logs for past 24h
256,BruteForce,Low,LaptopUser-10,2,None,0.0,True,Repeated failed logins from same IP over 48h,T1110,Brute Force,2024-11-17 01:23:00,1. Enable account lockout immediately | 2. Block source IP | 3. Enforce MFA | 4. Review VPN/RDP logs for past 24h
257,BruteForce,Low,DomainController-01,10,None,0.0,False,Isolated failed login,T1110,Brute Force,2024-11-14 15:41:00,1. Enable account lockout immediately | 2. Block source IP | 3. Enforce MFA | 4. Review VPN/RDP logs for past 24h
258,DataExfiltration,Medium,WebServer-03,7,None,0.0,True,Unusual outbound traffic spike last week,T1041,Exfiltration Over C2 Channel,2024-11-17 18:58:00,1. Block destination IP at perimeter | 2. Capture full network traffic | 3. Identify scope of exfiltrated data | 4. Engage legal team
259,BruteForce,Low,MailServer-05,7,None,0.0,False,Isolated failed login,T1110,Brute Force,2024-11-27 08:18:00,1. Enable account lockout immediately | 2. Block source IP | 3. Enforce MFA | 4. Review VPN/RDP logs for past 24h
260,DataExfiltration,High,FileServer-02,8,CVE-2024-21338,7.8,False,No prior exfiltration events,T1041,Exfiltration Over C2 Channel,2024-11-04 09:28:00,1. Block destination IP at perimeter | 2. Capture full network traffic | 3. Identify scope of exfiltrated data | 4. Engage legal team
261,BruteForce,Medium,DatabaseServer-04,9,None,0.0,True,Repeated failed logins from same IP over 48h,T1110,Brute Force,2024-11-14 21:42:00,1. Enable account lockout immediately | 2. Block source IP | 3. Enforce MFA | 4. Review VPN/RDP logs for past 24h
262,BruteForce,Low,LaptopUser-09,2,None,0.0,False,Isolated failed login,T1110,Brute Force,2024-11-07 23:45:00,1. Enable account lockout immediately | 2. Block source IP | 3. Enforce MFA | 4. Review VPN/RDP logs for past 24h
263,BruteForce,Low,DomainController-01,10,None,0.0,True,Repeated failed logins from same IP over 48h,T1110,Brute Force,2024-11-06 10:12:00,1. Enable account lockout immediately | 2. Block source IP | 3. Enforce MFA | 4. Review VPN/RDP logs for past 24h
264,BruteForce,High,Workstation-08,4,CVE-2024-49563,7.3,False,Isolated failed login,T1110,Brute Force,2024-11-25 16:23:00,1. Enable account lockout immediately | 2. Block source IP | 3. Enforce MFA | 4. Review VPN/RDP logs for past 24h
265,DataExfiltration,Low,DomainController-01,10,None,0.0,True,Unusual outbound traffic spike last week,T1041,Exfiltration Over C2 Channel,2024-11-04 01:19:00,1. Block destination IP at perimeter | 2. Capture full network traffic | 3. Identify scope of exfiltrated data | 4. Engage legal team
266,BruteForce,Medium,Workstation-08,4,None,0.0,True,Repeated failed logins from same IP over 48h,T1110,Brute Force,2024-11-25 18:04:00,1. Enable account lockout immediately | 2. Block source IP | 3. Enforce MFA | 4. Review VPN/RDP logs for past 24h
267,BruteForce,Medium,DatabaseServer-04,9,None,0.0,True,Repeated failed logins from same IP over 48h,T1110,Brute Force,2024-11-15 22:08:00,1. Enable account lockout immediately | 2. Block source IP | 3. Enforce MFA | 4. Review VPN/RDP logs for past 24h
268,BruteForce,Critical,LaptopUser-10,2,CVE-2024-38077,9.8,True,Repeated failed logins from same IP over 48h,T1110,Brute Force,2024-11-06 18:27:00,1. Enable account lockout immediately | 2. Block source IP | 3. Enforce MFA | 4. Review VPN/RDP logs for past 24h
269,Malware,Low,DatabaseServer-04,9,None,0.0,False,No prior incidents,T1059,Command and Scripting Interpreter,2024-11-08 06:10:00,1. Isolate the affected endpoint | 2. Run EDR scan and memory dump | 3. Check SIEM for lateral movement | 4. Review process execution logs (T1059)
270,BruteForce,Medium,AppServer-06,6,None,0.0,True,Repeated failed logins from same IP over 48h,T1110,Brute Force,2024-11-13 08:54:00,1. Enable account lockout immediately | 2. Block source IP | 3. Enforce MFA | 4. Review VPN/RDP logs for past 24h
271,BruteForce,Low,LaptopUser-09,2,None,0.0,True,Repeated failed logins from same IP over 48h,T1110,Brute Force,2024-11-27 11:34:00,1. Enable account lockout immediately | 2. Block source IP | 3. Enforce MFA | 4. Review VPN/RDP logs for past 24h
272,BruteForce,Medium,LaptopUser-10,2,None,0.0,False,Isolated failed login,T1110,Brute Force,2024-11-29 08:39:00,1. Enable account lockout immediately | 2. Block source IP | 3. Enforce MFA | 4. Review VPN/RDP logs for past 24h
273,BruteForce,High,LaptopUser-10,2,CVE-2024-49563,7.3,True,Repeated failed logins from same IP over 48h,T1110,Brute Force,2024-11-02 11:05:00,1. Enable account lockout immediately | 2. Block source IP | 3. Enforce MFA | 4. Review VPN/RDP logs for past 24h
274,BruteForce,Low,LaptopUser-10,2,None,0.0,False,Isolated failed login,T1110,Brute Force,2024-11-25 15:26:00,1. Enable account lockout immediately | 2. Block source IP | 3. Enforce MFA | 4. Review VPN/RDP logs for past 24h
275,BruteForce,Low,LaptopUser-09,2,None,0.0,True,Repeated failed logins from same IP over 48h,T1110,Brute Force,2024-11-14 03:30:00,1. Enable account lockout immediately | 2. Block source IP | 3. Enforce MFA | 4. Review VPN/RDP logs for past 24h
276,BruteForce,Low,Workstation-07,4,None,0.0,False,Isolated failed login,T1110,Brute Force,2024-11-03 19:10:00,1. Enable account lockout immediately | 2. Block source IP | 3. Enforce MFA | 4. Review VPN/RDP logs for past 24h
277,BruteForce,Low,FileServer-02,8,None,0.0,True,Repeated failed logins from same IP over 48h,T1110,Brute Force,2024-11-14 14:55:00,1. Enable account lockout immediately | 2. Block source IP | 3. Enforce MFA | 4. Review VPN/RDP logs for past 24h
278,BruteForce,Low,AppServer-06,6,None,0.0,False,Isolated failed login,T1110,Brute Force,2024-11-17 01:32:00,1. Enable account lockout immediately | 2. Block source IP | 3. Enforce MFA | 4. Review VPN/RDP logs for past 24h
279,BruteForce,High,Workstation-08,4,CVE-2024-49563,7.3,False,Isolated failed login,T1110,Brute Force,2024-11-11 19:09:00,1. Enable account lockout immediately | 2. Block source IP | 3. Enforce MFA | 4. Review VPN/RDP logs for past 24h
280,BruteForce,Medium,Workstation-07,4,None,0.0,True,Repeated failed logins from same IP over 48h,T1110,Brute Force,2024-11-08 01:52:00,1. Enable account lockout immediately | 2. Block source IP | 3. Enforce MFA | 4. Review VPN/RDP logs for past 24h
281,BruteForce,Low,AppServer-06,6,None,0.0,False,Isolated failed login,T1110,Brute Force,2024-11-23 05:29:00,1. Enable account lockout immediately | 2. Block source IP | 3. Enforce MFA | 4. Review VPN/RDP logs for past 24h
282,BruteForce,High,WebServer-03,7,CVE-2024-49563,7.3,True,Repeated failed logins from same IP over 48h,T1110,Brute Force,2024-11-22 19:29:00,1. Enable account lockout immediately | 2. Block source IP | 3. Enforce MFA | 4. Review VPN/RDP logs for past 24h
283,BruteForce,High,AppServer-06,6,CVE-2024-49563,7.3,False,Isolated failed login,T1110,Brute Force,2024-11-22 08:38:00,1. Enable account lockout immediately | 2. Block source IP | 3. Enforce MFA | 4. Review VPN/RDP logs for past 24h
284,BruteForce,Low,Workstation-08,4,None,0.0,True,Repeated failed logins from same IP over 48h,T1110,Brute Force,2024-11-05 20:27:00,1. Enable account lockout immediately | 2. Block source IP | 3. Enforce MFA | 4. Review VPN/RDP logs for past 24h
285,BruteForce,Medium,AppServer-06,6,None,0.0,False,Isolated failed login,T1110,Brute Force,2024-11-18 08:03:00,1. Enable account lockout immediately | 2. Block source IP | 3. Enforce MFA | 4. Review VPN/RDP logs for past 24h
286,BruteForce,Low,LaptopUser-09,2,None,0.0,False,Isolated failed login,T1110,Brute Force,2024-11-22 18:28:00,1. Enable account lockout immediately | 2. Block source IP | 3. Enforce MFA | 4. Review VPN/RDP logs for past 24h
287,BruteForce,Low,LaptopUser-10,2,None,0.0,False,Isolated failed login,T1110,Brute Force,2024-11-05 09:25:00,1. Enable account lockout immediately | 2. Block source IP | 3. Enforce MFA | 4. Review VPN/RDP logs for past 24h
288,DataExfiltration,Medium,LaptopUser-09,2,None,0.0,True,Unusual outbound traffic spike last week,T1041,Exfiltration Over C2 Channel,2024-11-09 17:38:00,1. Block destination IP at perimeter | 2. Capture full network traffic | 3. Identify scope of exfiltrated data | 4. Engage legal team
289,BruteForce,High,WebServer-03,7,CVE-2024-49563,7.3,False,Isolated failed login,T1110,Brute Force,2024-11-15 11:51:00,1. Enable account lockout immediately | 2. Block source IP | 3. Enforce MFA | 4. Review VPN/RDP logs for past 24h
290,BruteForce,Low,LaptopUser-10,2,None,0.0,False,Isolated failed login,T1110,Brute Force,2024-11-27 09:20:00,1. Enable account lockout immediately | 2. Block source IP | 3. Enforce MFA | 4. Review VPN/RDP logs for past 24h
291,DataExfiltration,Medium,MailServer-05,7,None,0.0,True,Unusual outbound traffic spike last week,T1041,Exfiltration Over C2 Channel,2024-11-22 23:34:00,1. Block destination IP at perimeter | 2. Capture full network traffic | 3. Identify scope of exfiltrated data | 4. Engage legal team
292,BruteForce,High,Workstation-08,4,CVE-2024-49563,7.3,False,Isolated failed login,T1110,Brute Force,2024-11-29 23:07:00,1. Enable account lockout immediately | 2. Block source IP | 3. Enforce MFA | 4. Review VPN/RDP logs for past 24h
293,BruteForce,Low,WebServer-03,7,None,0.0,True,Repeated failed logins from same IP over 48h,T1110,Brute Force,2024-11-29 05:50:00,1. Enable account lockout immediately | 2. Block source IP | 3. Enforce MFA | 4. Review VPN/RDP logs for past 24h
294,BruteForce,High,FileServer-02,8,CVE-2024-49563,7.3,True,Repeated failed logins from same IP over 48h,T1110,Brute Force,2024-11-08 12:33:00,1. Enable account lockout immediately | 2. Block source IP | 3. Enforce MFA | 4. Review VPN/RDP logs for past 24h
295,BruteForce,Critical,Workstation-07,4,CVE-2024-38077,9.8,True,Repeated failed logins from same IP over 48h,T1110,Brute Force,2024-11-11 14:02:00,1. Enable account lockout immediately | 2. Block source IP | 3. Enforce MFA | 4. Review VPN/RDP logs for past 24h
296,BruteForce,High,FileServer-02,8,CVE-2024-49563,7.3,True,Repeated failed logins from same IP over 48h,T1110,Brute Force,2024-11-19 02:09:00,1. Enable account lockout immediately | 2. Block source IP | 3. Enforce MFA | 4. Review VPN/RDP logs for past 24h
297,BruteForce,Low,LaptopUser-09,2,None,0.0,True,Repeated failed logins from same IP over 48h,T1110,Brute Force,2024-11-03 21:45:00,1. Enable account lockout immediately | 2. Block source IP | 3. Enforce MFA | 4. Review VPN/RDP logs for past 24h
298,BruteForce,Medium,AppServer-06,6,None,0.0,True,Repeated failed logins from same IP over 48h,T1110,Brute Force,2024-11-17 07:20:00,1. Enable account lockout immediately | 2. Block source IP | 3. Enforce MFA | 4. Review VPN/RDP logs for past 24h
299,BruteForce,Low,LaptopUser-09,2,None,0.0,True,Repeated failed logins from same IP over 48h,T1110,Brute Force,2024-11-30 02:49:00,1. Enable account lockout immediately | 2. Block source IP | 3. Enforce MFA | 4. Review VPN/RDP logs for past 24h
300,BruteForce,Low,MailServer-05,7,None,0.0,True,Repeated failed logins from same IP over 48h,T1110,Brute Force,2024-11-11 18:17:00,1. Enable account lockout immediately | 2. Block source IP | 3. Enforce MFA | 4. Review VPN/RDP logs for past 24h
301,BruteForce,Low,MailServer-05,7,None,0.0,True,Repeated failed logins from same IP over 48h,T1110,Brute Force,2024-11-30 16:45:00,1. Enable account lockout immediately | 2. Block source IP | 3. Enforce MFA | 4. Review VPN/RDP logs for past 24h
302,BruteForce,Low,LaptopUser-09,2,None,0.0,False,Isolated failed login,T1110,Brute Force,2024-11-25 17:43:00,1. Enable account lockout immediately | 2. Block source IP | 3. Enforce MFA | 4. Review VPN/RDP logs for past 24h
303,Malware,High,Workstation-07,4,CVE-2024-38112,8.8,True,Similar incident 2 months ago on same subnet,T1059,Command and Scripting Interpreter,2024-11-07 11:18:00,1. Isolate the affected endpoint | 2. Run EDR scan and memory dump | 3. Check SIEM for lateral movement | 4. Review process execution logs (T1059)
304,DataExfiltration,Low,DatabaseServer-04,9,None,0.0,True,Unusual outbound traffic spike last week,T1041,Exfiltration Over C2 Channel,2024-11-12 04:47:00,1. Block destination IP at perimeter | 2. Capture full network traffic | 3. Identify scope of exfiltrated data | 4. Engage legal team
305,BruteForce,Low,LaptopUser-09,2,None,0.0,True,Repeated failed logins from same IP over 48h,T1110,Brute Force,2024-11-30 22:17:00,1. Enable account lockout immediately | 2. Block source IP | 3. Enforce MFA | 4. Review VPN/RDP logs for past 24h
306,BruteForce,Low,LaptopUser-10,2,None,0.0,False,Isolated failed login,T1110,Brute Force,2024-11-23 21:14:00,1. Enable account lockout immediately | 2. Block source IP | 3. Enforce MFA | 4. Review VPN/RDP logs for past 24h
307,BruteForce,Low,Workstation-07,4,None,0.0,True,Repeated failed logins from same IP over 48h,T1110,Brute Force,2024-11-05 12:43:00,1. Enable account lockout immediately | 2. Block source IP | 3. Enforce MFA | 4. Review VPN/RDP logs for past 24h
308,BruteForce,Critical,LaptopUser-09,2,CVE-2024-38077,9.8,True,Repeated failed logins from same IP over 48h,T1110,Brute Force,2024-11-21 13:30:00,1. Enable account lockout immediately | 2. Block source IP | 3. Enforce MFA | 4. Review VPN/RDP logs for past 24h
309,BruteForce,Low,MailServer-05,7,None,0.0,False,Isolated failed login,T1110,Brute Force,2024-11-03 18:58:00,1. Enable account lockout immediately | 2. Block source IP | 3. Enforce MFA | 4. Review VPN/RDP logs for past 24h
310,BruteForce,Low,FileServer-02,8,None,0.0,True,Repeated failed logins from same IP over 48h,T1110,Brute Force,2024-11-02 20:58:00,1. Enable account lockout immediately | 2. Block source IP | 3. Enforce MFA | 4. Review VPN/RDP logs for past 24h
311,BruteForce,High,DomainController-01,10,CVE-2024-49563,7.3,True,Repeated failed logins from same IP over 48h,T1110,Brute Force,2024-11-18 04:50:00,1. Enable account lockout immediately | 2. Block source IP | 3. Enforce MFA | 4. Review VPN/RDP logs for past 24h
312,DataExfiltration,High,MailServer-05,7,CVE-2024-21338,7.8,False,No prior exfiltration events,T1041,Exfiltration Over C2 Channel,2024-11-25 11:38:00,1. Block destination IP at perimeter | 2. Capture full network traffic | 3. Identify scope of exfiltrated data | 4. Engage legal team
313,DataExfiltration,Medium,MailServer-05,7,None,0.0,True,Unusual outbound traffic spike last week,T1041,Exfiltration Over C2 Channel,2024-11-23 14:31:00,1. Block destination IP at perimeter | 2. Capture full network traffic | 3. Identify scope of exfiltrated data | 4. Engage legal team
314,BruteForce,Low,LaptopUser-09,2,None,0.0,False,Isolated failed login,T1110,Brute Force,2024-11-06 01:21:00,1. Enable account lockout immediately | 2. Block source IP | 3. Enforce MFA | 4. Review VPN/RDP logs for past 24h
315,BruteForce,Medium,MailServer-05,7,None,0.0,False,Isolated failed login,T1110,Brute Force,2024-11-15 15:50:00,1. Enable account lockout immediately | 2. Block source IP | 3. Enforce MFA | 4. Review VPN/RDP logs for past 24h
316,BruteForce,Low,FileServer-02,8,None,0.0,True,Repeated failed logins from same IP over 48h,T1110,Brute Force,2024-11-18 13:52:00,1. Enable account lockout immediately | 2. Block source IP | 3. Enforce MFA | 4. Review VPN/RDP logs for past 24h
317,BruteForce,High,Workstation-07,4,CVE-2024-49563,7.3,False,Isolated failed login,T1110,Brute Force,2024-11-07 05:30:00,1. Enable account lockout immediately | 2. Block source IP | 3. Enforce MFA | 4. Review VPN/RDP logs for past 24h
318,BruteForce,Low,MailServer-05,7,None,0.0,True,Repeated failed logins from same IP over 48h,T1110,Brute Force,2024-11-12 15:21:00,1. Enable account lockout immediately | 2. Block source IP | 3. Enforce MFA | 4. Review VPN/RDP logs for past 24h
319,BruteForce,Low,WebServer-03,7,None,0.0,False,Isolated failed login,T1110,Brute Force,2024-11-11 07:03:00,1. Enable account lockout immediately | 2. Block source IP | 3. Enforce MFA | 4. Review VPN/RDP logs for past 24h
320,BruteForce,Low,DomainController-01,10,None,0.0,True,Repeated failed logins from same IP over 48h,T1110,Brute Force,2024-12-01 06:49:00,1. Enable account lockout immediately | 2. Block source IP | 3. Enforce MFA | 4. Review VPN/RDP logs for past 24h
321,BruteForce,Low,MailServer-05,7,None,0.0,False,Isolated failed login,T1110,Brute Force,2024-11-06 22:30:00,1. Enable account lockout immediately | 2. Block source IP | 3. Enforce MFA | 4. Review VPN/RDP logs for past 24h
322,BruteForce,Low,LaptopUser-10,2,None,0.0,True,Repeated failed logins from same IP over 48h,T1110,Brute Force,2024-11-21 08:48:00,1. Enable account lockout immediately | 2. Block source IP | 3. Enforce MFA | 4. Review VPN/RDP logs for past 24h
323,BruteForce,Critical,FileServer-02,8,CVE-2024-38077,9.8,True,Repeated failed logins from same IP over 48h,T1110,Brute Force,2024-11-26 16:55:00,1. Enable account lockout immediately | 2. Block source IP | 3. Enforce MFA | 4. Review VPN/RDP logs for past 24h
324,BruteForce,Low,LaptopUser-09,2,None,0.0,False,Isolated failed login,T1110,Brute Force,2024-11-25 07:07:00,1. Enable account lockout immediately | 2. Block source IP | 3. Enforce MFA | 4. Review VPN/RDP logs for past 24h
325,BruteForce,Low,LaptopUser-09,2,None,0.0,True,Repeated failed logins from same IP over 48h,T1110,Brute Force,2024-11-08 06:20:00,1. Enable account lockout immediately | 2. Block source IP | 3. Enforce MFA | 4. Review VPN/RDP logs for past 24h
326,BruteForce,Low,FileServer-02,8,None,0.0,True,Repeated failed logins from same IP over 48h,T1110,Brute Force,2024-11-23 00:28:00,1. Enable account lockout immediately | 2. Block source IP | 3. Enforce MFA | 4. Review VPN/RDP logs for past 24h
327,BruteForce,Low,LaptopUser-09,2,None,0.0,True,Repeated failed logins from same IP over 48h,T1110,Brute Force,2024-11-03 17:35:00,1. Enable account lockout immediately | 2. Block source IP | 3. Enforce MFA | 4. Review VPN/RDP logs for past 24h
328,BruteForce,Low,WebServer-03,7,None,0.0,False,Isolated failed login,T1110,Brute Force,2024-11-01 09:47:00,1. Enable account lockout immediately | 2. Block source IP | 3. Enforce MFA | 4. Review VPN/RDP logs for past 24h
329,BruteForce,Low,Workstation-07,4,None,0.0,False,Isolated failed login,T1110,Brute Force,2024-11-03 19:59:00,1. Enable account lockout immediately | 2. Block source IP | 3. Enforce MFA | 4. Review VPN/RDP logs for past 24h
330,DataExfiltration,High,Workstation-08,4,CVE-2024-21338,7.8,False,No prior exfiltration events,T1041,Exfiltration Over C2 Channel,2024-11-08 22:49:00,1. Block destination IP at perimeter | 2. Capture full network traffic | 3. Identify scope of exfiltrated data | 4. Engage legal team
331,BruteForce,Low,Workstation-07,4,None,0.0,True,Repeated failed logins from same IP over 48h,T1110,Brute Force,2024-11-20 09:55:00,1. Enable account lockout immediately | 2. Block source IP | 3. Enforce MFA | 4. Review VPN/RDP logs for past 24h
332,BruteForce,Low,DatabaseServer-04,9,None,0.0,False,Isolated failed login,T1110,Brute Force,2024-11-16 02:07:00,1. Enable account lockout immediately | 2. Block source IP | 3. Enforce MFA | 4. Review VPN/RDP logs for past 24h
333,BruteForce,Low,LaptopUser-09,2,None,0.0,True,Repeated failed logins from same IP over 48h,T1110,Brute Force,2024-11-01 09:48:00,1. Enable account lockout immediately | 2. Block source IP | 3. Enforce MFA | 4. Review VPN/RDP logs for past 24h
334,BruteForce,Medium,LaptopUser-09,2,None,0.0,False,Isolated failed login,T1110,Brute Force,2024-11-11 01:15:00,1. Enable account lockout immediately | 2. Block source IP | 3. Enforce MFA | 4. Review VPN/RDP logs for past 24h
335,BruteForce,High,FileServer-02,8,CVE-2024-49563,7.3,False,Isolated failed login,T1110,Brute Force,2024-11-29 10:26:00,1. Enable account lockout immediately | 2. Block source IP | 3. Enforce MFA | 4. Review VPN/RDP logs for past 24h
336,DataExfiltration,High,WebServer-03,7,CVE-2024-30103,8.8,False,No prior exfiltration events,T1041,Exfiltration Over C2 Channel,2024-11-05 13:38:00,1. Block destination IP at perimeter | 2. Capture full network traffic | 3. Identify scope of exfiltrated data | 4. Engage legal team
337,BruteForce,Low,WebServer-03,7,None,0.0,False,Isolated failed login,T1110,Brute Force,2024-11-19 23:14:00,1. Enable account lockout immediately | 2. Block source IP | 3. Enforce MFA | 4. Review VPN/RDP logs for past 24h
338,BruteForce,Critical,WebServer-03,7,CVE-2024-38077,9.8,True,Repeated failed logins from same IP over 48h,T1110,Brute Force,2024-11-13 14:14:00,1. Enable account lockout immediately | 2. Block source IP | 3. Enforce MFA | 4. Review VPN/RDP logs for past 24h
339,BruteForce,Low,AppServer-06,6,None,0.0,True,Repeated failed logins from same IP over 48h,T1110,Brute Force,2024-11-29 22:52:00,1. Enable account lockout immediately | 2. Block source IP | 3. Enforce MFA | 4. Review VPN/RDP logs for past 24h
340,BruteForce,Medium,DomainController-01,10,None,0.0,True,Repeated failed logins from same IP over 48h,T1110,Brute Force,2024-11-18 21:19:00,1. Enable account lockout immediately | 2. Block source IP | 3. Enforce MFA | 4. Review VPN/RDP logs for past 24h
341,BruteForce,Medium,LaptopUser-10,2,None,0.0,True,Repeated failed logins from same IP over 48h,T1110,Brute Force,2024-11-27 23:43:00,1. Enable account lockout immediately | 2. Block source IP | 3. Enforce MFA | 4. Review VPN/RDP logs for past 24h
342,BruteForce,Low,AppServer-06,6,None,0.0,True,Repeated failed logins from same IP over 48h,T1110,Brute Force,2024-11-14 20:44:00,1. Enable account lockout immediately | 2. Block source IP | 3. Enforce MFA | 4. Review VPN/RDP logs for past 24h
343,BruteForce,Critical,Workstation-07,4,CVE-2024-38077,9.8,True,Repeated failed logins from same IP over 48h,T1110,Brute Force,2024-11-21 10:15:00,1. Enable account lockout immediately | 2. Block source IP | 3. Enforce MFA | 4. Review VPN/RDP logs for past 24h
344,BruteForce,Low,DomainController-01,10,None,0.0,True,Repeated failed logins from same IP over 48h,T1110,Brute Force,2024-11-25 05:26:00,1. Enable account lockout immediately | 2. Block source IP | 3. Enforce MFA | 4. Review VPN/RDP logs for past 24h
345,BruteForce,Low,DomainController-01,10,None,0.0,False,Isolated failed login,T1110,Brute Force,2024-11-09 22:21:00,1. Enable account lockout immediately | 2. Block source IP | 3. Enforce MFA | 4. Review VPN/RDP logs for past 24h
346,DataExfiltration,High,AppServer-06,6,CVE-2024-21338,7.8,True,Unusual outbound traffic spike last week,T1041,Exfiltration Over C2 Channel,2024-11-09 09:03:00,1. Block destination IP at perimeter | 2. Capture full network traffic | 3. Identify scope of exfiltrated data | 4. Engage legal team
347,BruteForce,Low,LaptopUser-10,2,None,0.0,False,Isolated failed login,T1110,Brute Force,2024-11-26 07:46:00,1. Enable account lockout immediately | 2. Block source IP | 3. Enforce MFA | 4. Review VPN/RDP logs for past 24h
348,BruteForce,Low,FileServer-02,8,None,0.0,False,Isolated failed login,T1110,Brute Force,2024-11-01 21:13:00,1. Enable account lockout immediately | 2. Block source IP | 3. Enforce MFA | 4. Review VPN/RDP logs for past 24h
349,DataExfiltration,Low,DatabaseServer-04,9,None,0.0,True,Unusual outbound traffic spike last week,T1041,Exfiltration Over C2 Channel,2024-11-30 22:38:00,1. Block destination IP at perimeter | 2. Capture full network traffic | 3. Identify scope of exfiltrated data | 4. Engage legal team
350,BruteForce,Low,FileServer-02,8,None,0.0,False,Isolated failed login,T1110,Brute Force,2024-11-13 07:24:00,1. Enable account lockout immediately | 2. Block source IP | 3. Enforce MFA | 4. Review VPN/RDP logs for past 24h
351,BruteForce,Low,MailServer-05,7,None,0.0,False,Isolated failed login,T1110,Brute Force,2024-11-22 11:29:00,1. Enable account lockout immediately | 2. Block source IP | 3. Enforce MFA | 4. Review VPN/RDP logs for past 24h
352,DataExfiltration,Medium,Workstation-08,4,None,0.0,False,No prior exfiltration events,T1041,Exfiltration Over C2 Channel,2024-11-09 22:23:00,1. Block destination IP at perimeter | 2. Capture full network traffic | 3. Identify scope of exfiltrated data | 4. Engage legal team
353,BruteForce,Medium,FileServer-02,8,None,0.0,False,Isolated failed login,T1110,Brute Force,2024-11-24 20:59:00,1. Enable account lockout immediately | 2. Block source IP | 3. Enforce MFA | 4. Review VPN/RDP logs for past 24h
354,BruteForce,Critical,MailServer-05,7,CVE-2024-38077,9.8,False,Isolated failed login,T1110,Brute Force,2024-11-11 01:24:00,1. Enable account lockout immediately | 2. Block source IP | 3. Enforce MFA | 4. Review VPN/RDP logs for past 24h
355,BruteForce,Low,LaptopUser-09,2,None,0.0,False,Isolated failed login,T1110,Brute Force,2024-11-22 02:46:00,1. Enable account lockout immediately | 2. Block source IP | 3. Enforce MFA | 4. Review VPN/RDP logs for past 24h
356,BruteForce,Low,DomainController-01,10,None,0.0,False,Isolated failed login,T1110,Brute Force,2024-11-24 13:31:00,1. Enable account lockout immediately | 2. Block source IP | 3. Enforce MFA | 4. Review VPN/RDP logs for past 24h
357,Malware,Medium,WebServer-03,7,None,0.0,True,Similar incident 2 months ago on same subnet,T1059,Command and Scripting Interpreter,2024-11-04 10:52:00,1. Isolate the affected endpoint | 2. Run EDR scan and memory dump | 3. Check SIEM for lateral movement | 4. Review process execution logs (T1059)
358,BruteForce,Critical,Workstation-07,4,CVE-2024-38077,9.8,True,Repeated failed logins from same IP over 48h,T1110,Brute Force,2024-11-11 02:04:00,1. Enable account lockout immediately | 2. Block source IP | 3. Enforce MFA | 4. Review VPN/RDP logs for past 24h
359,BruteForce,Low,LaptopUser-09,2,None,0.0,False,Isolated failed login,T1110,Brute Force,2024-11-27 14:40:00,1. Enable account lockout immediately | 2. Block source IP | 3. Enforce MFA | 4. Review VPN/RDP logs for past 24h
360,BruteForce,Low,Workstation-08,4,None,0.0,False,Isolated failed login,T1110,Brute Force,2024-11-23 22:35:00,1. Enable account lockout immediately | 2. Block source IP | 3. Enforce MFA | 4. Review VPN/RDP logs for past 24h
361,BruteForce,Low,MailServer-05,7,None,0.0,True,Repeated failed logins from same IP over 48h,T1110,Brute Force,2024-11-01 23:32:00,1. Enable account lockout immediately | 2. Block source IP | 3. Enforce MFA | 4. Review VPN/RDP logs for past 24h
362,BruteForce,High,DomainController-01,10,CVE-2024-49563,7.3,True,Repeated failed logins from same IP over 48h,T1110,Brute Force,2024-11-23 14:09:00,1. Enable account lockout immediately | 2. Block source IP | 3. Enforce MFA | 4. Review VPN/RDP logs for past 24h
363,BruteForce,Medium,MailServer-05,7,None,0.0,False,Isolated failed login,T1110,Brute Force,2024-11-18 04:05:00,1. Enable account lockout immediately | 2. Block source IP | 3. Enforce MFA | 4. Review VPN/RDP logs for past 24h
364,BruteForce,Low,LaptopUser-10,2,None,0.0,True,Repeated failed logins from same IP over 48h,T1110,Brute Force,2024-11-14 01:43:00,1. Enable account lockout immediately | 2. Block source IP | 3. Enforce MFA | 4. Review VPN/RDP logs for past 24h
365,BruteForce,High,WebServer-03,7,CVE-2024-49563,7.3,True,Repeated failed logins from same IP over 48h,T1110,Brute Force,2024-11-17 08:35:00,1. Enable account lockout immediately | 2. Block source IP | 3. Enforce MFA | 4. Review VPN/RDP logs for past 24h
366,BruteForce,High,DomainController-01,10,CVE-2024-49563,7.3,True,Repeated failed logins from same IP over 48h,T1110,Brute Force,2024-11-19 18:41:00,1. Enable account lockout immediately | 2. Block source IP | 3. Enforce MFA | 4. Review VPN/RDP logs for past 24h
367,BruteForce,Low,DatabaseServer-04,9,None,0.0,True,Repeated failed logins from same IP over 48h,T1110,Brute Force,2024-11-11 01:13:00,1. Enable account lockout immediately | 2. Block source IP | 3. Enforce MFA | 4. Review VPN/RDP logs for past 24h
368,BruteForce,Low,LaptopUser-10,2,None,0.0,False,Isolated failed login,T1110,Brute Force,2024-11-04 10:43:00,1. Enable account lockout immediately | 2. Block source IP | 3. Enforce MFA | 4. Review VPN/RDP logs for past 24h
369,Malware,Critical,LaptopUser-10,2,CVE-2024-21412,9.8,False,No prior incidents,T1059,Command and Scripting Interpreter,2024-11-14 16:01:00,1. Isolate the affected endpoint | 2. Run EDR scan and memory dump | 3. Check SIEM for lateral movement | 4. Review process execution logs (T1059)
370,BruteForce,High,Workstation-07,4,CVE-2024-49563,7.3,False,Isolated failed login,T1110,Brute Force,2024-11-25 07:15:00,1. Enable account lockout immediately | 2. Block source IP | 3. Enforce MFA | 4. Review VPN/RDP logs for past 24h
371,BruteForce,Low,LaptopUser-09,2,None,0.0,False,Isolated failed login,T1110,Brute Force,2024-11-07 05:50:00,1. Enable account lockout immediately | 2. Block source IP | 3. Enforce MFA | 4. Review VPN/RDP logs for past 24h
372,BruteForce,Low,LaptopUser-09,2,None,0.0,False,Isolated failed login,T1110,Brute Force,2024-11-19 21:14:00,1. Enable account lockout immediately | 2. Block source IP | 3. Enforce MFA | 4. Review VPN/RDP logs for past 24h
373,BruteForce,Low,LaptopUser-10,2,None,0.0,False,Isolated failed login,T1110,Brute Force,2024-11-15 04:01:00,1. Enable account lockout immediately | 2. Block source IP | 3. Enforce MFA | 4. Review VPN/RDP logs for past 24h
374,BruteForce,Low,Workstation-08,4,None,0.0,False,Isolated failed login,T1110,Brute Force,2024-11-24 20:24:00,1. Enable account lockout immediately | 2. Block source IP | 3. Enforce MFA | 4. Review VPN/RDP logs for past 24h
375,BruteForce,High,Workstation-07,4,CVE-2024-49563,7.3,True,Repeated failed logins from same IP over 48h,T1110,Brute Force,2024-11-13 20:51:00,1. Enable account lockout immediately | 2. Block source IP | 3. Enforce MFA | 4. Review VPN/RDP logs for past 24h
376,BruteForce,Low,MailServer-05,7,None,0.0,True,Repeated failed logins from same IP over 48h,T1110,Brute Force,2024-11-28 07:09:00,1. Enable account lockout immediately | 2. Block source IP | 3. Enforce MFA | 4. Review VPN/RDP logs for past 24h
377,BruteForce,High,DatabaseServer-04,9,CVE-2024-49563,7.3,False,Isolated failed login,T1110,Brute Force,2024-11-14 09:28:00,1. Enable account lockout immediately | 2. Block source IP | 3. Enforce MFA | 4. Review VPN/RDP logs for past 24h
378,BruteForce,Low,DomainController-01,10,None,0.0,True,Repeated failed logins from same IP over 48h,T1110,Brute Force,2024-11-25 00:35:00,1. Enable account lockout immediately | 2. Block source IP | 3. Enforce MFA | 4. Review VPN/RDP logs for past 24h
379,BruteForce,Low,DatabaseServer-04,9,None,0.0,True,Repeated failed logins from same IP over 48h,T1110,Brute Force,2024-11-26 17:38:00,1. Enable account lockout immediately | 2. Block source IP | 3. Enforce MFA | 4. Review VPN/RDP logs for past 24h
380,Malware,High,WebServer-03,7,CVE-2024-38112,8.8,True,Similar incident 2 months ago on same subnet,T1059,Command and Scripting Interpreter,2024-11-04 20:46:00,1. Isolate the affected endpoint | 2. Run EDR scan and memory dump | 3. Check SIEM for lateral movement | 4. Review process execution logs (T1059)
381,Malware,Low,FileServer-02,8,None,0.0,True,Similar incident 2 months ago on same subnet,T1059,Command and Scripting Interpreter,2024-11-30 11:24:00,1. Isolate the affected endpoint | 2. Run EDR scan and memory dump | 3. Check SIEM for lateral movement | 4. Review process execution logs (T1059)
382,BruteForce,Medium,MailServer-05,7,None,0.0,False,Isolated failed login,T1110,Brute Force,2024-11-19 19:17:00,1. Enable account lockout immediately | 2. Block source IP | 3. Enforce MFA | 4. Review VPN/RDP logs for past 24h
383,BruteForce,Low,DatabaseServer-04,9,None,0.0,False,Isolated failed login,T1110,Brute Force,2024-11-11 18:46:00,1. Enable account lockout immediately | 2. Block source IP | 3. Enforce MFA | 4. Review VPN/RDP logs for past 24h
384,BruteForce,Low,FileServer-02,8,None,0.0,False,Isolated failed login,T1110,Brute Force,2024-11-14 05:00:00,1. Enable account lockout immediately | 2. Block source IP | 3. Enforce MFA | 4. Review VPN/RDP logs for past 24h
385,BruteForce,Low,LaptopUser-10,2,None,0.0,True,Repeated failed logins from same IP over 48h,T1110,Brute Force,2024-11-15 07:28:00,1. Enable account lockout immediately | 2. Block source IP | 3. Enforce MFA | 4. Review VPN/RDP logs for past 24h
386,BruteForce,Low,LaptopUser-10,2,None,0.0,False,Isolated failed login,T1110,Brute Force,2024-11-30 21:12:00,1. Enable account lockout immediately | 2. Block source IP | 3. Enforce MFA | 4. Review VPN/RDP logs for past 24h
387,BruteForce,Low,Workstation-07,4,None,0.0,False,Isolated failed login,T1110,Brute Force,2024-11-30 21:40:00,1. Enable account lockout immediately | 2. Block source IP | 3. Enforce MFA | 4. Review VPN/RDP logs for past 24h
388,BruteForce,Low,FileServer-02,8,None,0.0,False,Isolated failed login,T1110,Brute Force,2024-11-18 00:23:00,1. Enable account lockout immediately | 2. Block source IP | 3. Enforce MFA | 4. Review VPN/RDP logs for past 24h
389,BruteForce,Medium,LaptopUser-10,2,None,0.0,False,Isolated failed login,T1110,Brute Force,2024-11-24 17:01:00,1. Enable account lockout immediately | 2. Block source IP | 3. Enforce MFA | 4. Review VPN/RDP logs for past 24h
390,BruteForce,Low,FileServer-02,8,None,0.0,True,Repeated failed logins from same IP over 48h,T1110,Brute Force,2024-11-30 19:04:00,1. Enable account lockout immediately | 2. Block source IP | 3. Enforce MFA | 4. Review VPN/RDP logs for past 24h
391,BruteForce,Low,Workstation-07,4,None,0.0,False,Isolated failed login,T1110,Brute Force,2024-11-14 04:15:00,1. Enable account lockout immediately | 2. Block source IP | 3. Enforce MFA | 4. Review VPN/RDP logs for past 24h
392,BruteForce,Medium,Workstation-07,4,None,0.0,False,Isolated failed login,T1110,Brute Force,2024-11-26 18:30:00,1. Enable account lockout immediately | 2. Block source IP | 3. Enforce MFA | 4. Review VPN/RDP logs for past 24h
393,BruteForce,Low,Workstation-07,4,None,0.0,False,Isolated failed login,T1110,Brute Force,2024-11-16 14:44:00,1. Enable account lockout immediately | 2. Block source IP | 3. Enforce MFA | 4. Review VPN/RDP logs for past 24h
394,BruteForce,High,DatabaseServer-04,9,CVE-2024-49563,7.3,True,Repeated failed logins from same IP over 48h,T1110,Brute Force,2024-11-29 07:42:00,1. Enable account lockout immediately | 2. Block source IP | 3. Enforce MFA | 4. Review VPN/RDP logs for past 24h
395,BruteForce,Medium,WebServer-03,7,None,0.0,True,Repeated failed logins from same IP over 48h,T1110,Brute Force,2024-11-28 20:25:00,1. Enable account lockout immediately | 2. Block source IP | 3. Enforce MFA | 4. Review VPN/RDP logs for past 24h
396,BruteForce,High,Workstation-07,4,CVE-2024-49563,7.3,False,Isolated failed login,T1110,Brute Force,2024-11-12 06:14:00,1. Enable account lockout immediately | 2. Block source IP | 3. Enforce MFA | 4. Review VPN/RDP logs for past 24h
397,BruteForce,Low,LaptopUser-10,2,None,0.0,False,Isolated failed login,T1110,Brute Force,2024-11-17 05:25:00,1. Enable account lockout immediately | 2. Block source IP | 3. Enforce MFA | 4. Review VPN/RDP logs for past 24h
398,BruteForce,Critical,LaptopUser-09,2,CVE-2024-38077,9.8,False,Isolated failed login,T1110,Brute Force,2024-11-02 07:30:00,1. Enable account lockout immediately | 2. Block source IP | 3. Enforce MFA | 4. Review VPN/RDP logs for past 24h
399,BruteForce,Low,DatabaseServer-04,9,None,0.0,True,Repeated failed logins from same IP over 48h,T1110,Brute Force,2024-11-07 07:22:00,1. Enable account lockout immediately | 2. Block source IP | 3. Enforce MFA | 4. Review VPN/RDP logs for past 24h
400,BruteForce,Medium,FileServer-02,8,None,0.0,False,Isolated failed login,T1110,Brute Force,2024-11-05 09:28:00,1. Enable account lockout immediately | 2. Block source IP | 3. Enforce MFA | 4. Review VPN/RDP logs for past 24h
401,BruteForce,Low,DatabaseServer-04,9,None,0.0,False,Isolated failed login,T1110,Brute Force,2024-11-06 03:01:00,1. Enable account lockout immediately | 2. Block source IP | 3. Enforce MFA | 4. Review VPN/RDP logs for past 24h
402,BruteForce,Critical,DomainController-01,10,CVE-2024-38077,9.8,True,Repeated failed logins from same IP over 48h,T1110,Brute Force,2024-11-24 19:10:00,1. Enable account lockout immediately | 2. Block source IP | 3. Enforce MFA | 4. Review VPN/RDP logs for past 24h
403,BruteForce,Low,Workstation-08,4,None,0.0,True,Repeated failed logins from same IP over 48h,T1110,Brute Force,2024-11-09 02:11:00,1. Enable account lockout immediately | 2. Block source IP | 3. Enforce MFA | 4. Review VPN/RDP logs for past 24h
404,BruteForce,Low,WebServer-03,7,None,0.0,True,Repeated failed logins from same IP over 48h,T1110,Brute Force,2024-11-20 10:37:00,1. Enable account lockout immediately | 2. Block source IP | 3. Enforce MFA | 4. Review VPN/RDP logs for past 24h
405,BruteForce,Critical,FileServer-02,8,CVE-2024-38077,9.8,False,Isolated failed login,T1110,Brute Force,2024-12-01 06:51:00,1. Enable account lockout immediately | 2. Block source IP | 3. Enforce MFA | 4. Review VPN/RDP logs for past 24h
406,BruteForce,Critical,LaptopUser-09,2,CVE-2024-38077,9.8,False,Isolated failed login,T1110,Brute Force,2024-11-09 15:29:00,1. Enable account lockout immediately | 2. Block source IP | 3. Enforce MFA | 4. Review VPN/RDP logs for past 24h
407,BruteForce,Medium,Workstation-08,4,None,0.0,True,Repeated failed logins from same IP over 48h,T1110,Brute Force,2024-11-26 17:24:00,1. Enable account lockout immediately | 2. Block source IP | 3. Enforce MFA | 4. Review VPN/RDP logs for past 24h
408,BruteForce,Low,AppServer-06,6,None,0.0,True,Repeated failed logins from same IP over 48h,T1110,Brute Force,2024-11-27 14:11:00,1. Enable account lockout immediately | 2. Block source IP | 3. Enforce MFA | 4. Review VPN/RDP logs for past 24h
409,BruteForce,Low,MailServer-05,7,None,0.0,True,Repeated failed logins from same IP over 48h,T1110,Brute Force,2024-11-29 22:08:00,1. Enable account lockout immediately | 2. Block source IP | 3. Enforce MFA | 4. Review VPN/RDP logs for past 24h
410,BruteForce,Low,DatabaseServer-04,9,None,0.0,True,Repeated failed logins from same IP over 48h,T1110,Brute Force,2024-11-23 01:24:00,1. Enable account lockout immediately | 2. Block source IP | 3. Enforce MFA | 4. Review VPN/RDP logs for past 24h
411,BruteForce,Low,Workstation-07,4,None,0.0,False,Isolated failed login,T1110,Brute Force,2024-11-28 08:34:00,1. Enable account lockout immediately | 2. Block source IP | 3. Enforce MFA | 4. Review VPN/RDP logs for past 24h
412,BruteForce,Low,DomainController-01,10,None,0.0,False,Isolated failed login,T1110,Brute Force,2024-11-13 13:08:00,1. Enable account lockout immediately | 2. Block source IP | 3. Enforce MFA | 4. Review VPN/RDP logs for past 24h
413,BruteForce,Low,LaptopUser-10,2,None,0.0,False,Isolated failed login,T1110,Brute Force,2024-11-01 15:31:00,1. Enable account lockout immediately | 2. Block source IP | 3. Enforce MFA | 4. Review VPN/RDP logs for past 24h
414,BruteForce,Medium,LaptopUser-09,2,None,0.0,True,Repeated failed logins from same IP over 48h,T1110,Brute Force,2024-11-30 11:31:00,1. Enable account lockout immediately | 2. Block source IP | 3. Enforce MFA | 4. Review VPN/RDP logs for past 24h
415,BruteForce,Critical,Workstation-08,4,CVE-2024-38077,9.8,False,Isolated failed login,T1110,Brute Force,2024-11-02 13:50:00,1. Enable account lockout immediately | 2. Block source IP | 3. Enforce MFA | 4. Review VPN/RDP logs for past 24h
416,BruteForce,Critical,MailServer-05,7,CVE-2024-38077,9.8,True,Repeated failed logins from same IP over 48h,T1110,Brute Force,2024-11-08 10:49:00,1. Enable account lockout immediately | 2. Block source IP | 3. Enforce MFA | 4. Review VPN/RDP logs for past 24h
417,BruteForce,Low,Workstation-08,4,None,0.0,True,Repeated failed logins from same IP over 48h,T1110,Brute Force,2024-11-25 16:07:00,1. Enable account lockout immediately | 2. Block source IP | 3. Enforce MFA | 4. Review VPN/RDP logs for past 24h
418,BruteForce,Medium,AppServer-06,6,None,0.0,True,Repeated failed logins from same IP over 48h,T1110,Brute Force,2024-11-20 01:34:00,1. Enable account lockout immediately | 2. Block source IP | 3. Enforce MFA | 4. Review VPN/RDP logs for past 24h
419,BruteForce,Low,FileServer-02,8,None,0.0,True,Repeated failed logins from same IP over 48h,T1110,Brute Force,2024-11-20 10:16:00,1. Enable account lockout immediately | 2. Block source IP | 3. Enforce MFA | 4. Review VPN/RDP logs for past 24h
420,BruteForce,Medium,Workstation-08,4,None,0.0,False,Isolated failed login,T1110,Brute Force,2024-11-11 08:13:00,1. Enable account lockout immediately | 2. Block source IP | 3. Enforce MFA | 4. Review VPN/RDP logs for past 24h
421,BruteForce,Low,AppServer-06,6,None,0.0,True,Repeated failed logins from same IP over 48h,T1110,Brute Force,2024-11-08 07:39:00,1. Enable account lockout immediately | 2. Block source IP | 3. Enforce MFA | 4. Review VPN/RDP logs for past 24h
422,BruteForce,Medium,FileServer-02,8,None,0.0,True,Repeated failed logins from same IP over 48h,T1110,Brute Force,2024-11-23 23:17:00,1. Enable account lockout immediately | 2. Block source IP | 3. Enforce MFA | 4. Review VPN/RDP logs for past 24h
423,BruteForce,Low,MailServer-05,7,None,0.0,True,Repeated failed logins from same IP over 48h,T1110,Brute Force,2024-11-23 04:57:00,1. Enable account lockout immediately | 2. Block source IP | 3. Enforce MFA | 4. Review VPN/RDP logs for past 24h
424,BruteForce,High,Workstation-07,4,CVE-2024-49563,7.3,True,Repeated failed logins from same IP over 48h,T1110,Brute Force,2024-11-29 05:08:00,1. Enable account lockout immediately | 2. Block source IP | 3. Enforce MFA | 4. Review VPN/RDP logs for past 24h
425,BruteForce,Low,DomainController-01,10,None,0.0,True,Repeated failed logins from same IP over 48h,T1110,Brute Force,2024-11-30 02:25:00,1. Enable account lockout immediately | 2. Block source IP | 3. Enforce MFA | 4. Review VPN/RDP logs for past 24h
426,BruteForce,Low,MailServer-05,7,None,0.0,False,Isolated failed login,T1110,Brute Force,2024-11-04 11:40:00,1. Enable account lockout immediately | 2. Block source IP | 3. Enforce MFA | 4. Review VPN/RDP logs for past 24h
427,BruteForce,Low,Workstation-07,4,None,0.0,True,Repeated failed logins from same IP over 48h,T1110,Brute Force,2024-11-30 21:59:00,1. Enable account lockout immediately | 2. Block source IP | 3. Enforce MFA | 4. Review VPN/RDP logs for past 24h
428,BruteForce,Low,Workstation-08,4,None,0.0,True,Repeated failed logins from same IP over 48h,T1110,Brute Force,2024-11-05 05:46:00,1. Enable account lockout immediately | 2. Block source IP | 3. Enforce MFA | 4. Review VPN/RDP logs for past 24h
429,BruteForce,High,AppServer-06,6,CVE-2024-49563,7.3,True,Repeated failed logins from same IP over 48h,T1110,Brute Force,2024-11-18 05:13:00,1. Enable account lockout immediately | 2. Block source IP | 3. Enforce MFA | 4. Review VPN/RDP logs for past 24h
430,BruteForce,Low,Workstation-08,4,None,0.0,False,Isolated failed login,T1110,Brute Force,2024-11-13 08:21:00,1. Enable account lockout immediately | 2. Block source IP | 3. Enforce MFA | 4. Review VPN/RDP logs for past 24h
431,BruteForce,Low,Workstation-08,4,None,0.0,True,Repeated failed logins from same IP over 48h,T1110,Brute Force,2024-11-03 07:02:00,1. Enable account lockout immediately | 2. Block source IP | 3. Enforce MFA | 4. Review VPN/RDP logs for past 24h
432,BruteForce,Low,Workstation-08,4,None,0.0,True,Repeated failed logins from same IP over 48h,T1110,Brute Force,2024-11-07 23:28:00,1. Enable account lockout immediately | 2. Block source IP | 3. Enforce MFA | 4. Review VPN/RDP logs for past 24h
433,DataExfiltration,High,Workstation-07,4,CVE-2024-30103,8.8,True,Unusual outbound traffic spike last week,T1041,Exfiltration Over C2 Channel,2024-11-06 21:56:00,1. Block destination IP at perimeter | 2. Capture full network traffic | 3. Identify scope of exfiltrated data | 4. Engage legal team
434,BruteForce,High,MailServer-05,7,CVE-2024-49563,7.3,True,Repeated failed logins from same IP over 48h,T1110,Brute Force,2024-11-11 22:05:00,1. Enable account lockout immediately | 2. Block source IP | 3. Enforce MFA | 4. Review VPN/RDP logs for past 24h
435,Malware,Low,DomainController-01,10,None,0.0,True,Similar incident 2 months ago on same subnet,T1059,Command and Scripting Interpreter,2024-12-01 02:48:00,1. Isolate the affected endpoint | 2. Run EDR scan and memory dump | 3. Check SIEM for lateral movement | 4. Review process execution logs (T1059)
436,BruteForce,Low,DatabaseServer-04,9,None,0.0,True,Repeated failed logins from same IP over 48h,T1110,Brute Force,2024-11-06 21:37:00,1. Enable account lockout immediately | 2. Block source IP | 3. Enforce MFA | 4. Review VPN/RDP logs for past 24h
437,BruteForce,Low,WebServer-03,7,None,0.0,False,Isolated failed login,T1110,Brute Force,2024-11-06 09:55:00,1. Enable account lockout immediately | 2. Block source IP | 3. Enforce MFA | 4. Review VPN/RDP logs for past 24h
438,BruteForce,Critical,DatabaseServer-04,9,CVE-2024-38077,9.8,False,Isolated failed login,T1110,Brute Force,2024-11-05 14:06:00,1. Enable account lockout immediately | 2. Block source IP | 3. Enforce MFA | 4. Review VPN/RDP logs for past 24h
439,Malware,Low,DomainController-01,10,None,0.0,True,Similar incident 2 months ago on same subnet,T1059,Command and Scripting Interpreter,2024-11-06 22:41:00,1. Isolate the affected endpoint | 2. Run EDR scan and memory dump | 3. Check SIEM for lateral movement | 4. Review process execution logs (T1059)
440,BruteForce,Low,LaptopUser-09,2,None,0.0,False,Isolated failed login,T1110,Brute Force,2024-11-28 23:10:00,1. Enable account lockout immediately | 2. Block source IP | 3. Enforce MFA | 4. Review VPN/RDP logs for past 24h
441,BruteForce,Low,DomainController-01,10,None,0.0,True,Repeated failed logins from same IP over 48h,T1110,Brute Force,2024-11-20 03:55:00,1. Enable account lockout immediately | 2. Block source IP | 3. Enforce MFA | 4. Review VPN/RDP logs for past 24h
442,Malware,Medium,DomainController-01,10,None,0.0,True,Similar incident 2 months ago on same subnet,T1059,Command and Scripting Interpreter,2024-11-17 15:22:00,1. Isolate the affected endpoint | 2. Run EDR scan and memory dump | 3. Check SIEM for lateral movement | 4. Review process execution logs (T1059)
443,BruteForce,Critical,DomainController-01,10,CVE-2024-38077,9.8,False,Isolated failed login,T1110,Brute Force,2024-11-04 20:15:00,1. Enable account lockout immediately | 2. Block source IP | 3. Enforce MFA | 4. Review VPN/RDP logs for past 24h
444,BruteForce,Low,LaptopUser-10,2,None,0.0,True,Repeated failed logins from same IP over 48h,T1110,Brute Force,2024-11-30 17:01:00,1. Enable account lockout immediately | 2. Block source IP | 3. Enforce MFA | 4. Review VPN/RDP logs for past 24h
445,BruteForce,Critical,MailServer-05,7,CVE-2024-38077,9.8,True,Repeated failed logins from same IP over 48h,T1110,Brute Force,2024-11-22 23:12:00,1. Enable account lockout immediately | 2. Block source IP | 3. Enforce MFA | 4. Review VPN/RDP logs for past 24h
446,BruteForce,Critical,WebServer-03,7,CVE-2024-38077,9.8,True,Repeated failed logins from same IP over 48h,T1110,Brute Force,2024-11-06 01:15:00,1. Enable account lockout immediately | 2. Block source IP | 3. Enforce MFA | 4. Review VPN/RDP logs for past 24h
447,BruteForce,High,LaptopUser-09,2,CVE-2024-49563,7.3,True,Repeated failed logins from same IP over 48h,T1110,Brute Force,2024-11-14 18:08:00,1. Enable account lockout immediately | 2. Block source IP | 3. Enforce MFA | 4. Review VPN/RDP logs for past 24h
448,BruteForce,Low,Workstation-07,4,None,0.0,True,Repeated failed logins from same IP over 48h,T1110,Brute Force,2024-11-21 08:49:00,1. Enable account lockout immediately | 2. Block source IP | 3. Enforce MFA | 4. Review VPN/RDP logs for past 24h
449,BruteForce,Low,WebServer-03,7,None,0.0,False,Isolated failed login,T1110,Brute Force,2024-11-03 19:50:00,1. Enable account lockout immediately | 2. Block source IP | 3. Enforce MFA | 4. Review VPN/RDP logs for past 24h
450,BruteForce,Medium,LaptopUser-09,2,None,0.0,True,Repeated failed logins from same IP over 48h,T1110,Brute Force,2024-11-18 09:05:00,1. Enable account lockout immediately | 2. Block source IP | 3. Enforce MFA | 4. Review VPN/RDP logs for past 24h
451,BruteForce,Low,DomainController-01,10,None,0.0,False,Isolated failed login,T1110,Brute Force,2024-11-04 14:32:00,1. Enable account lockout immediately | 2. Block source IP | 3. Enforce MFA | 4. Review VPN/RDP logs for past 24h
452,DataExfiltration,Low,DomainController-01,10,None,0.0,False,No prior exfiltration events,T1041,Exfiltration Over C2 Channel,2024-11-26 06:40:00,1. Block destination IP at perimeter | 2. Capture full network traffic | 3. Identify scope of exfiltrated data | 4. Engage legal team
453,BruteForce,Low,DatabaseServer-04,9,None,0.0,True,Repeated failed logins from same IP over 48h,T1110,Brute Force,2024-11-11 10:03:00,1. Enable account lockout immediately | 2. Block source IP | 3. Enforce MFA | 4. Review VPN/RDP logs for past 24h
454,DataExfiltration,Medium,DatabaseServer-04,9,None,0.0,True,Unusual outbound traffic spike last week,T1041,Exfiltration Over C2 Channel,2024-11-14 10:42:00,1. Block destination IP at perimeter | 2. Capture full network traffic | 3. Identify scope of exfiltrated data | 4. Engage legal team
455,BruteForce,High,DatabaseServer-04,9,CVE-2024-49563,7.3,True,Repeated failed logins from same IP over 48h,T1110,Brute Force,2024-12-01 04:00:00,1. Enable account lockout immediately | 2. Block source IP | 3. Enforce MFA | 4. Review VPN/RDP logs for past 24h
456,DataExfiltration,Medium,LaptopUser-09,2,None,0.0,True,Unusual outbound traffic spike last week,T1041,Exfiltration Over C2 Channel,2024-11-12 07:10:00,1. Block destination IP at perimeter | 2. Capture full network traffic | 3. Identify scope of exfiltrated data | 4. Engage legal team
457,BruteForce,Medium,MailServer-05,7,None,0.0,False,Isolated failed login,T1110,Brute Force,2024-11-02 12:21:00,1. Enable account lockout immediately | 2. Block source IP | 3. Enforce MFA | 4. Review VPN/RDP logs for past 24h
458,BruteForce,Low,DatabaseServer-04,9,None,0.0,True,Repeated failed logins from same IP over 48h,T1110,Brute Force,2024-11-25 20:40:00,1. Enable account lockout immediately | 2. Block source IP | 3. Enforce MFA | 4. Review VPN/RDP logs for past 24h
459,BruteForce,Low,AppServer-06,6,None,0.0,True,Repeated failed logins from same IP over 48h,T1110,Brute Force,2024-11-08 08:23:00,1. Enable account lockout immediately | 2. Block source IP | 3. Enforce MFA | 4. Review VPN/RDP logs for past 24h
460,BruteForce,Medium,LaptopUser-10,2,None,0.0,False,Isolated failed login,T1110,Brute Force,2024-11-22 23:00:00,1. Enable account lockout immediately | 2. Block source IP | 3. Enforce MFA | 4. Review VPN/RDP logs for past 24h
461,Malware,Low,FileServer-02,8,None,0.0,False,No prior incidents,T1059,Command and Scripting Interpreter,2024-11-07 15:11:00,1. Isolate the affected endpoint | 2. Run EDR scan and memory dump | 3. Check SIEM for lateral movement | 4. Review process execution logs (T1059)
462,Malware,Low,LaptopUser-09,2,None,0.0,False,No prior incidents,T1059,Command and Scripting Interpreter,2024-11-11 20:26:00,1. Isolate the affected endpoint | 2. Run EDR scan and memory dump | 3. Check SIEM for lateral movement | 4. Review process execution logs (T1059)
463,BruteForce,Low,DatabaseServer-04,9,None,0.0,False,Isolated failed login,T1110,Brute Force,2024-11-22 16:43:00,1. Enable account lockout immediately | 2. Block source IP | 3. Enforce MFA | 4. Review VPN/RDP logs for past 24h
464,BruteForce,High,LaptopUser-09,2,CVE-2024-49563,7.3,True,Repeated failed logins from same IP over 48h,T1110,Brute Force,2024-11-04 04:56:00,1. Enable account lockout immediately | 2. Block source IP | 3. Enforce MFA | 4. Review VPN/RDP logs for past 24h
465,BruteForce,Low,MailServer-05,7,None,0.0,False,Isolated failed login,T1110,Brute Force,2024-11-20 17:00:00,1. Enable account lockout immediately | 2. Block source IP | 3. Enforce MFA | 4. Review VPN/RDP logs for past 24h
466,BruteForce,Medium,MailServer-05,7,None,0.0,False,Isolated failed login,T1110,Brute Force,2024-11-16 23:37:00,1. Enable account lockout immediately | 2. Block source IP | 3. Enforce MFA | 4. Review VPN/RDP logs for past 24h
467,DataExfiltration,Low,FileServer-02,8,None,0.0,True,Unusual outbound traffic spike last week,T1041,Exfiltration Over C2 Channel,2024-11-11 17:09:00,1. Block destination IP at perimeter | 2. Capture full network traffic | 3. Identify scope of exfiltrated data | 4. Engage legal team
468,BruteForce,Medium,FileServer-02,8,None,0.0,True,Repeated failed logins from same IP over 48h,T1110,Brute Force,2024-11-30 20:56:00,1. Enable account lockout immediately | 2. Block source IP | 3. Enforce MFA | 4. Review VPN/RDP logs for past 24h
469,BruteForce,Medium,Workstation-07,4,None,0.0,True,Repeated failed logins from same IP over 48h,T1110,Brute Force,2024-11-05 16:13:00,1. Enable account lockout immediately | 2. Block source IP | 3. Enforce MFA | 4. Review VPN/RDP logs for past 24h
470,BruteForce,High,Workstation-08,4,CVE-2024-49563,7.3,True,Repeated failed logins from same IP over 48h,T1110,Brute Force,2024-11-07 07:45:00,1. Enable account lockout immediately | 2. Block source IP | 3. Enforce MFA | 4. Review VPN/RDP logs for past 24h
471,BruteForce,Medium,FileServer-02,8,None,0.0,True,Repeated failed logins from same IP over 48h,T1110,Brute Force,2024-12-01 03:57:00,1. Enable account lockout immediately | 2. Block source IP | 3. Enforce MFA | 4. Review VPN/RDP logs for past 24h
472,DataExfiltration,Medium,DatabaseServer-04,9,None,0.0,True,Unusual outbound traffic spike last week,T1041,Exfiltration Over C2 Channel,2024-11-28 10:52:00,1. Block destination IP at perimeter | 2. Capture full network traffic | 3. Identify scope of exfiltrated data | 4. Engage legal team
473,BruteForce,Medium,WebServer-03,7,None,0.0,True,Repeated failed logins from same IP over 48h,T1110,Brute Force,2024-11-11 08:18:00,1. Enable account lockout immediately | 2. Block source IP | 3. Enforce MFA | 4. Review VPN/RDP logs for past 24h
474,BruteForce,Medium,Workstation-07,4,None,0.0,True,Repeated failed logins from same IP over 48h,T1110,Brute Force,2024-11-14 19:28:00,1. Enable account lockout immediately | 2. Block source IP | 3. Enforce MFA | 4. Review VPN/RDP logs for past 24h
475,BruteForce,Low,FileServer-02,8,None,0.0,True,Repeated failed logins from same IP over 48h,T1110,Brute Force,2024-11-05 21:09:00,1. Enable account lockout immediately | 2. Block source IP | 3. Enforce MFA | 4. Review VPN/RDP logs for past 24h
476,BruteForce,Medium,AppServer-06,6,None,0.0,True,Repeated failed logins from same IP over 48h,T1110,Brute Force,2024-11-10 02:28:00,1. Enable account lockout immediately | 2. Block source IP | 3. Enforce MFA | 4. Review VPN/RDP logs for past 24h
477,BruteForce,Low,DatabaseServer-04,9,None,0.0,True,Repeated failed logins from same IP over 48h,T1110,Brute Force,2024-11-14 05:52:00,1. Enable account lockout immediately | 2. Block source IP | 3. Enforce MFA | 4. Review VPN/RDP logs for past 24h
478,BruteForce,Low,FileServer-02,8,None,0.0,False,Isolated failed login,T1110,Brute Force,2024-11-11 20:22:00,1. Enable account lockout immediately | 2. Block source IP | 3. Enforce MFA | 4. Review VPN/RDP logs for past 24h
479,BruteForce,Low,MailServer-05,7,None,0.0,True,Repeated failed logins from same IP over 48h,T1110,Brute Force,2024-11-02 13:25:00,1. Enable account lockout immediately | 2. Block source IP | 3. Enforce MFA | 4. Review VPN/RDP logs for past 24h
480,BruteForce,Critical,LaptopUser-09,2,CVE-2024-38077,9.8,False,Isolated failed login,T1110,Brute Force,2024-11-05 14:51:00,1. Enable account lockout immediately | 2. Block source IP | 3. Enforce MFA | 4. Review VPN/RDP logs for past 24h
481,BruteForce,Critical,WebServer-03,7,CVE-2024-38077,9.8,False,Isolated failed login,T1110,Brute Force,2024-11-18 08:23:00,1. Enable account lockout immediately | 2. Block source IP | 3. Enforce MFA | 4. Review VPN/RDP logs for past 24h
482,DataExfiltration,Low,DatabaseServer-04,9,None,0.0,True,Unusual outbound traffic spike last week,T1041,Exfiltration Over C2 Channel,2024-11-04 10:01:00,1. Block destination IP at perimeter | 2. Capture full network traffic | 3. Identify scope of exfiltrated data | 4. Engage legal team
483,BruteForce,Critical,Workstation-08,4,CVE-2024-38077,9.8,False,Isolated failed login,T1110,Brute Force,2024-11-15 09:07:00,1. Enable account lockout immediately | 2. Block source IP | 3. Enforce MFA | 4. Review VPN/RDP logs for past 24h
484,BruteForce,Medium,DomainController-01,10,None,0.0,True,Repeated failed logins from same IP over 48h,T1110,Brute Force,2024-11-18 02:31:00,1. Enable account lockout immediately | 2. Block source IP | 3. Enforce MFA | 4. Review VPN/RDP logs for past 24h
485,BruteForce,Low,DomainController-01,10,None,0.0,True,Repeated failed logins from same IP over 48h,T1110,Brute Force,2024-11-12 23:17:00,1. Enable account lockout immediately | 2. Block source IP | 3. Enforce MFA | 4. Review VPN/RDP logs for past 24h
486,BruteForce,Low,LaptopUser-10,2,None,0.0,True,Repeated failed logins from same IP over 48h,T1110,Brute Force,2024-11-28 20:18:00,1. Enable account lockout immediately | 2. Block source IP | 3. Enforce MFA | 4. Review VPN/RDP logs for past 24h
487,Malware,Critical,Workstation-08,4,CVE-2024-21412,9.8,False,No prior incidents,T1059,Command and Scripting Interpreter,2024-11-17 14:08:00,1. Isolate the affected endpoint | 2. Run EDR scan and memory dump | 3. Check SIEM for lateral movement | 4. Review process execution logs (T1059)
488,BruteForce,Critical,LaptopUser-09,2,CVE-2024-38077,9.8,True,Repeated failed logins from same IP over 48h,T1110,Brute Force,2024-11-24 10:50:00,1. Enable account lockout immediately | 2. Block source IP | 3. Enforce MFA | 4. Review VPN/RDP logs for past 24h
489,BruteForce,Medium,AppServer-06,6,None,0.0,True,Repeated failed logins from same IP over 48h,T1110,Brute Force,2024-11-15 22:58:00,1. Enable account lockout immediately | 2. Block source IP | 3. Enforce MFA | 4. Review VPN/RDP logs for past 24h
490,BruteForce,Critical,MailServer-05,7,CVE-2024-38077,9.8,False,Isolated failed login,T1110,Brute Force,2024-11-26 17:14:00,1. Enable account lockout immediately | 2. Block source IP | 3. Enforce MFA | 4. Review VPN/RDP logs for past 24h
491,BruteForce,Low,MailServer-05,7,None,0.0,True,Repeated failed logins from same IP over 48h,T1110,Brute Force,2024-11-23 20:22:00,1. Enable account lockout immediately | 2. Block source IP | 3. Enforce MFA | 4. Review VPN/RDP logs for past 24h
492,DataExfiltration,High,DomainController-01,10,CVE-2024-21338,7.8,False,No prior exfiltration events,T1041,Exfiltration Over C2 Channel,2024-11-11 12:17:00,1. Block destination IP at perimeter | 2. Capture full network traffic | 3. Identify scope of exfiltrated data | 4. Engage legal team
493,BruteForce,Critical,WebServer-03,7,CVE-2024-38077,9.8,True,Repeated failed logins from same IP over 48h,T1110,Brute Force,2024-11-17 19:22:00,1. Enable account lockout immediately | 2. Block source IP | 3. Enforce MFA | 4. Review VPN/RDP logs for past 24h
494,DataExfiltration,High,DomainController-01,10,CVE-2024-30103,8.8,False,No prior exfiltration events,T1041,Exfiltration Over C2 Channel,2024-11-14 19:51:00,1. Block destination IP at perimeter | 2. Capture full network traffic | 3. Identify scope of exfiltrated data | 4. Engage legal team
495,BruteForce,High,LaptopUser-10,2,CVE-2024-49563,7.3,True,Repeated failed logins from same IP over 48h,T1110,Brute Force,2024-11-16 06:36:00,1. Enable account lockout immediately | 2. Block source IP | 3. Enforce MFA | 4. Review VPN/RDP logs for past 24h
496,BruteForce,Low,FileServer-02,8,None,0.0,True,Repeated failed logins from same IP over 48h,T1110,Brute Force,2024-11-08 17:31:00,1. Enable account lockout immediately | 2. Block source IP | 3. Enforce MFA | 4. Review VPN/RDP logs for past 24h
497,BruteForce,Low,LaptopUser-10,2,None,0.0,True,Repeated failed logins from same IP over 48h,T1110,Brute Force,2024-11-01 06:21:00,1. Enable account lockout immediately | 2. Block source IP | 3. Enforce MFA | 4. Review VPN/RDP logs for past 24h
498,BruteForce,Low,DomainController-01,10,None,0.0,True,Repeated failed logins from same IP over 48h,T1110,Brute Force,2024-11-15 01:03:00,1. Enable account lockout immediately | 2. Block source IP | 3. Enforce MFA | 4. Review VPN/RDP logs for past 24h
499,BruteForce,Medium,DomainController-01,10,None,0.0,True,Repeated failed logins from same IP over 48h,T1110,Brute Force,2024-11-16 19:04:00,1. Enable account lockout immediately | 2. Block source IP | 3. Enforce MFA | 4. Review VPN/RDP logs for past 24h
500,DataExfiltration,Medium,Workstation-07,4,None,0.0,False,No prior exfiltration events,T1041,Exfiltration Over C2 Channel,2024-11-15 00:08:00,1. Block destination IP at perimeter | 2. Capture full network traffic | 3. Identify scope of exfiltrated data | 4. Engage legal team
