ID,Type,Criticality,Source,AssetValue,CVE,CVSS,History,HistoryNote,MITRE_Code,MITRE_Name,Timestamp,Recommendations
1,Malware,Critical,WebServer-03,7,CVE-2024-30051,7.8,True,Similar incident 2 months ago on same subnet,T1059,Command and Scripting Interpreter,2024-11-30 02:47:00,1. Isolate the affected endpoint | 2. Run EDR scan and memory dump | 3. Check SIEM for lateral movement | 4. Review process execution logs (T1059)
2,Malware,Critical,AppServer-06,6,CVE-2024-21412,9.8,False,No prior incidents,T1059,Command and Scripting Interpreter,2024-11-22 19:38:00,1. Isolate the affected endpoint | 2. Run EDR scan and memory dump | 3. Check SIEM for lateral movement | 4. Review process execution logs (T1059)
3,Malware,Medium,Workstation-08,4,None,0.0,True,Similar incident 2 months ago on same subnet,T1059,Command and Scripting Interpreter,2024-11-01 12:48:00,1. Isolate the affected endpoint | 2. Run EDR scan and memory dump | 3. Check SIEM for lateral movement | 4. Review process execution logs (T1059)
4,Ransomware,Critical,MailServer-05,7,CVE-2024-26169,7.0,True,Ransomware family previously seen in sector,T1486,Data Encrypted for Impact,2024-11-15 14:06:00,1. Disconnect host from network IMMEDIATELY | 2. Snapshot VMs before shutdown | 3. Activate IR playbook | 4. Preserve forensic evidence
5,Malware,Medium,Workstation-07,4,None,0.0,True,Similar incident 2 months ago on same subnet,T1059,Command and Scripting Interpreter,2024-11-24 03:07:00,1. Isolate the affected endpoint | 2. Run EDR scan and memory dump | 3. Check SIEM for lateral movement | 4. Review process execution logs (T1059)
6,BruteForce,High,Workstation-08,4,None,0.0,True,Repeated failed logins from same IP over 48h,T1110,Brute Force,2024-11-16 16:36:00,1. Enable account lockout immediately | 2. Block source IP | 3. Enforce MFA | 4. Review VPN/RDP logs for past 24h
7,Malware,High,FileServer-02,8,CVE-2024-38112,8.8,True,Similar incident 2 months ago on same subnet,T1059,Command and Scripting Interpreter,2024-11-05 13:24:00,1. Isolate the affected endpoint | 2. Run EDR scan and memory dump | 3. Check SIEM for lateral movement | 4. Review process execution logs (T1059)
8,Ransomware,Critical,MailServer-05,7,CVE-2024-37085,7.2,False,No prior ransomware history,T1486,Data Encrypted for Impact,2024-11-12 15:44:00,1. Disconnect host from network IMMEDIATELY | 2. Snapshot VMs before shutdown | 3. Activate IR playbook | 4. Preserve forensic evidence
9,Ransomware,High,DatabaseServer-04,9,None,0.0,False,No prior ransomware history,T1486,Data Encrypted for Impact,2024-11-17 10:17:00,1. Disconnect host from network IMMEDIATELY | 2. Snapshot VMs before shutdown | 3. Activate IR playbook | 4. Preserve forensic evidence
10,Ransomware,High,Workstation-08,4,CVE-2024-37085,7.2,True,Ransomware family previously seen in sector,T1486,Data Encrypted for Impact,2024-11-03 15:14:00,1. Disconnect host from network IMMEDIATELY | 2. Snapshot VMs before shutdown | 3. Activate IR playbook | 4. Preserve forensic evidence
11,DataExfiltration,Critical,AppServer-06,6,None,0.0,True,Unusual outbound traffic spike last week,T1041,Exfiltration Over C2 Channel,2024-11-25 10:56:00,1. Block destination IP at perimeter | 2. Capture full network traffic | 3. Identify scope of exfiltrated data | 4. Engage legal team
12,Malware,High,Workstation-07,4,None,0.0,True,Similar incident 2 months ago on same subnet,T1059,Command and Scripting Interpreter,2024-11-07 08:16:00,1. Isolate the affected endpoint | 2. Run EDR scan and memory dump | 3. Check SIEM for lateral movement | 4. Review process execution logs (T1059)
13,DataExfiltration,High,Workstation-08,4,None,0.0,True,Unusual outbound traffic spike last week,T1041,Exfiltration Over C2 Channel,2024-11-26 03:25:00,1. Block destination IP at perimeter | 2. Capture full network traffic | 3. Identify scope of exfiltrated data | 4. Engage legal team
14,Phishing,High,DatabaseServer-04,9,None,0.0,True,Similar phishing attempt observed yesterday,T1566,Phishing,2024-11-05 22:09:00,1. Block sender domain at mail gateway | 2. Notify impacted users | 3. Search mailboxes for similar messages | 4. Reset credentials if link was clicked
15,DataExfiltration,Critical,AppServer-06,6,None,0.0,False,No prior exfiltration events,T1041,Exfiltration Over C2 Channel,2024-11-21 05:33:00,1. Block destination IP at perimeter | 2. Capture full network traffic | 3. Identify scope of exfiltrated data | 4. Engage legal team
16,BruteForce,High,DomainController-01,10,CVE-2024-49563,7.3,True,Repeated failed logins from same IP over 48h,T1110,Brute Force,2024-11-12 15:49:00,1. Enable account lockout immediately | 2. Block source IP | 3. Enforce MFA | 4. Review VPN/RDP logs for past 24h
17,Malware,High,AppServer-06,6,CVE-2024-30051,7.8,True,Similar incident 2 months ago on same subnet,T1059,Command and Scripting Interpreter,2024-11-12 11:32:00,1. Isolate the affected endpoint | 2. Run EDR scan and memory dump | 3. Check SIEM for lateral movement | 4. Review process execution logs (T1059)
18,BruteForce,High,DomainController-01,10,None,0.0,True,Repeated failed logins from same IP over 48h,T1110,Brute Force,2024-11-09 17:09:00,1. Enable account lockout immediately | 2. Block source IP | 3. Enforce MFA | 4. Review VPN/RDP logs for past 24h
19,Malware,Critical,Workstation-08,4,CVE-2024-21412,9.8,True,Similar incident 2 months ago on same subnet,T1059,Command and Scripting Interpreter,2024-11-06 00:59:00,1. Isolate the affected endpoint | 2. Run EDR scan and memory dump | 3. Check SIEM for lateral movement | 4. Review process execution logs (T1059)
20,Phishing,Critical,WebServer-03,7,CVE-2023-36884,8.8,True,Similar phishing attempt observed yesterday,T1566,Phishing,2024-11-04 14:05:00,1. Block sender domain at mail gateway | 2. Notify impacted users | 3. Search mailboxes for similar messages | 4. Reset credentials if link was clicked
21,DataExfiltration,Critical,Workstation-08,4,CVE-2024-30103,8.8,True,Unusual outbound traffic spike last week,T1041,Exfiltration Over C2 Channel,2024-11-24 16:10:00,1. Block destination IP at perimeter | 2. Capture full network traffic | 3. Identify scope of exfiltrated data | 4. Engage legal team
22,DataExfiltration,High,AppServer-06,6,CVE-2024-30103,8.8,True,Unusual outbound traffic spike last week,T1041,Exfiltration Over C2 Channel,2024-11-30 16:12:00,1. Block destination IP at perimeter | 2. Capture full network traffic | 3. Identify scope of exfiltrated data | 4. Engage legal team
23,BruteForce,High,MailServer-05,7,None,0.0,True,Repeated failed logins from same IP over 48h,T1110,Brute Force,2024-11-11 19:14:00,1. Enable account lockout immediately | 2. Block source IP | 3. Enforce MFA | 4. Review VPN/RDP logs for past 24h
24,Malware,Low,Workstation-07,4,None,0.0,False,No prior incidents,T1059,Command and Scripting Interpreter,2024-11-28 04:03:00,1. Isolate the affected endpoint | 2. Run EDR scan and memory dump | 3. Check SIEM for lateral movement | 4. Review process execution logs (T1059)
25,Phishing,High,MailServer-05,7,CVE-2024-20656,7.8,False,First occurrence,T1566,Phishing,2024-11-21 23:13:00,1. Block sender domain at mail gateway | 2. Notify impacted users | 3. Search mailboxes for similar messages | 4. Reset credentials if link was clicked
26,DataExfiltration,High,Workstation-07,4,CVE-2024-30103,8.8,True,Unusual outbound traffic spike last week,T1041,Exfiltration Over C2 Channel,2024-11-09 08:06:00,1. Block destination IP at perimeter | 2. Capture full network traffic | 3. Identify scope of exfiltrated data | 4. Engage legal team
27,BruteForce,Medium,Workstation-07,4,None,0.0,True,Repeated failed logins from same IP over 48h,T1110,Brute Force,2024-11-28 19:06:00,1. Enable account lockout immediately | 2. Block source IP | 3. Enforce MFA | 4. Review VPN/RDP logs for past 24h
28,DataExfiltration,Low,Workstation-07,4,None,0.0,True,Unusual outbound traffic spike last week,T1041,Exfiltration Over C2 Channel,2024-11-07 05:27:00,1. Block destination IP at perimeter | 2. Capture full network traffic | 3. Identify scope of exfiltrated data | 4. Engage legal team
29,BruteForce,High,DomainController-01,10,None,0.0,True,Repeated failed logins from same IP over 48h,T1110,Brute Force,2024-11-05 10:03:00,1. Enable account lockout immediately | 2. Block source IP | 3. Enforce MFA | 4. Review VPN/RDP logs for past 24h
30,BruteForce,High,DomainController-01,10,CVE-2024-49563,7.3,True,Repeated failed logins from same IP over 48h,T1110,Brute Force,2024-11-08 08:26:00,1. Enable account lockout immediately | 2. Block source IP | 3. Enforce MFA | 4. Review VPN/RDP logs for past 24h
31,Malware,Critical,AppServer-06,6,CVE-2024-21412,9.8,False,No prior incidents,T1059,Command and Scripting Interpreter,2024-11-17 21:16:00,1. Isolate the affected endpoint | 2. Run EDR scan and memory dump | 3. Check SIEM for lateral movement | 4. Review process execution logs (T1059)
32,DataExfiltration,High,WebServer-03,7,None,0.0,True,Unusual outbound traffic spike last week,T1041,Exfiltration Over C2 Channel,2024-11-24 23:42:00,1. Block destination IP at perimeter | 2. Capture full network traffic | 3. Identify scope of exfiltrated data | 4. Engage legal team
33,Malware,High,WebServer-03,7,CVE-2024-30051,7.8,True,Similar incident 2 months ago on same subnet,T1059,Command and Scripting Interpreter,2024-11-24 09:03:00,1. Isolate the affected endpoint | 2. Run EDR scan and memory dump | 3. Check SIEM for lateral movement | 4. Review process execution logs (T1059)
34,Malware,High,Workstation-07,4,None,0.0,True,Similar incident 2 months ago on same subnet,T1059,Command and Scripting Interpreter,2024-11-03 16:32:00,1. Isolate the affected endpoint | 2. Run EDR scan and memory dump | 3. Check SIEM for lateral movement | 4. Review process execution logs (T1059)
35,Malware,Medium,Workstation-07,4,None,0.0,True,Similar incident 2 months ago on same subnet,T1059,Command and Scripting Interpreter,2024-11-25 13:15:00,1. Isolate the affected endpoint | 2. Run EDR scan and memory dump | 3. Check SIEM for lateral movement | 4. Review process execution logs (T1059)
36,Malware,High,DomainController-01,10,None,0.0,True,Similar incident 2 months ago on same subnet,T1059,Command and Scripting Interpreter,2024-11-14 17:59:00,1. Isolate the affected endpoint | 2. Run EDR scan and memory dump | 3. Check SIEM for lateral movement | 4. Review process execution logs (T1059)
37,Ransomware,Critical,MailServer-05,7,CVE-2024-37085,7.2,False,No prior ransomware history,T1486,Data Encrypted for Impact,2024-11-28 18:19:00,1. Disconnect host from network IMMEDIATELY | 2. Snapshot VMs before shutdown | 3. Activate IR playbook | 4. Preserve forensic evidence
38,Phishing,High,DomainController-01,10,CVE-2024-20656,7.8,True,Similar phishing attempt observed yesterday,T1566,Phishing,2024-11-05 12:04:00,1. Block sender domain at mail gateway | 2. Notify impacted users | 3. Search mailboxes for similar messages | 4. Reset credentials if link was clicked
39,BruteForce,High,DatabaseServer-04,9,None,0.0,True,Repeated failed logins from same IP over 48h,T1110,Brute Force,2024-11-17 00:18:00,1. Enable account lockout immediately | 2. Block source IP | 3. Enforce MFA | 4. Review VPN/RDP logs for past 24h
40,DataExfiltration,High,WebServer-03,7,None,0.0,True,Unusual outbound traffic spike last week,T1041,Exfiltration Over C2 Channel,2024-11-23 19:00:00,1. Block destination IP at perimeter | 2. Capture full network traffic | 3. Identify scope of exfiltrated data | 4. Engage legal team
41,BruteForce,Critical,DomainController-01,10,CVE-2024-38077,9.8,True,Repeated failed logins from same IP over 48h,T1110,Brute Force,2024-11-24 20:09:00,1. Enable account lockout immediately | 2. Block source IP | 3. Enforce MFA | 4. Review VPN/RDP logs for past 24h
42,Ransomware,High,MailServer-05,7,CVE-2024-37085,7.2,True,Ransomware family previously seen in sector,T1486,Data Encrypted for Impact,2024-11-22 19:31:00,1. Disconnect host from network IMMEDIATELY | 2. Snapshot VMs before shutdown | 3. Activate IR playbook | 4. Preserve forensic evidence
43,Phishing,High,DomainController-01,10,CVE-2024-20656,7.8,True,Similar phishing attempt observed yesterday,T1566,Phishing,2024-11-03 03:00:00,1. Block sender domain at mail gateway | 2. Notify impacted users | 3. Search mailboxes for similar messages | 4. Reset credentials if link was clicked
44,Malware,High,WebServer-03,7,CVE-2024-30051,7.8,True,Similar incident 2 months ago on same subnet,T1059,Command and Scripting Interpreter,2024-11-19 11:35:00,1. Isolate the affected endpoint | 2. Run EDR scan and memory dump | 3. Check SIEM for lateral movement | 4. Review process execution logs (T1059)
45,Malware,Medium,Workstation-08,4,None,0.0,True,Similar incident 2 months ago on same subnet,T1059,Command and Scripting Interpreter,2024-11-07 13:27:00,1. Isolate the affected endpoint | 2. Run EDR scan and memory dump | 3. Check SIEM for lateral movement | 4. Review process execution logs (T1059)
46,BruteForce,Critical,DomainController-01,10,None,0.0,False,Isolated failed login,T1110,Brute Force,2024-11-05 15:22:00,1. Enable account lockout immediately | 2. Block source IP | 3. Enforce MFA | 4. Review VPN/RDP logs for past 24h
47,DataExfiltration,High,AppServer-06,6,None,0.0,True,Unusual outbound traffic spike last week,T1041,Exfiltration Over C2 Channel,2024-11-11 08:55:00,1. Block destination IP at perimeter | 2. Capture full network traffic | 3. Identify scope of exfiltrated data | 4. Engage legal team
48,DataExfiltration,Critical,DatabaseServer-04,9,None,0.0,True,Unusual outbound traffic spike last week,T1041,Exfiltration Over C2 Channel,2024-11-15 10:50:00,1. Block destination IP at perimeter | 2. Capture full network traffic | 3. Identify scope of exfiltrated data | 4. Engage legal team
49,DataExfiltration,Critical,FileServer-02,8,None,0.0,True,Unusual outbound traffic spike last week,T1041,Exfiltration Over C2 Channel,2024-11-17 13:55:00,1. Block destination IP at perimeter | 2. Capture full network traffic | 3. Identify scope of exfiltrated data | 4. Engage legal team
50,BruteForce,Medium,Workstation-08,4,None,0.0,False,Isolated failed login,T1110,Brute Force,2024-11-10 23:14:00,1. Enable account lockout immediately | 2. Block source IP | 3. Enforce MFA | 4. Review VPN/RDP logs for past 24h
51,Malware,Low,Workstation-07,4,None,0.0,True,Similar incident 2 months ago on same subnet,T1059,Command and Scripting Interpreter,2024-11-13 03:22:00,1. Isolate the affected endpoint | 2. Run EDR scan and memory dump | 3. Check SIEM for lateral movement | 4. Review process execution logs (T1059)
52,BruteForce,High,Workstation-08,4,None,0.0,False,Isolated failed login,T1110,Brute Force,2024-11-12 09:11:00,1. Enable account lockout immediately | 2. Block source IP | 3. Enforce MFA | 4. Review VPN/RDP logs for past 24h
53,Phishing,High,DomainController-01,10,CVE-2024-20656,7.8,False,First occurrence,T1566,Phishing,2024-11-14 15:27:00,1. Block sender domain at mail gateway | 2. Notify impacted users | 3. Search mailboxes for similar messages | 4. Reset credentials if link was clicked
54,BruteForce,Critical,AppServer-06,6,None,0.0,False,Isolated failed login,T1110,Brute Force,2024-11-19 20:00:00,1. Enable account lockout immediately | 2. Block source IP | 3. Enforce MFA | 4. Review VPN/RDP logs for past 24h
55,DataExfiltration,High,FileServer-02,8,None,0.0,True,Unusual outbound traffic spike last week,T1041,Exfiltration Over C2 Channel,2024-11-15 08:39:00,1. Block destination IP at perimeter | 2. Capture full network traffic | 3. Identify scope of exfiltrated data | 4. Engage legal team
56,DataExfiltration,High,WebServer-03,7,None,0.0,True,Unusual outbound traffic spike last week,T1041,Exfiltration Over C2 Channel,2024-11-18 10:44:00,1. Block destination IP at perimeter | 2. Capture full network traffic | 3. Identify scope of exfiltrated data | 4. Engage legal team
57,Malware,High,AppServer-06,6,None,0.0,True,Similar incident 2 months ago on same subnet,T1059,Command and Scripting Interpreter,2024-11-27 12:36:00,1. Isolate the affected endpoint | 2. Run EDR scan and memory dump | 3. Check SIEM for lateral movement | 4. Review process execution logs (T1059)
58,BruteForce,Critical,DomainController-01,10,None,0.0,True,Repeated failed logins from same IP over 48h,T1110,Brute Force,2024-11-25 23:38:00,1. Enable account lockout immediately | 2. Block source IP | 3. Enforce MFA | 4. Review VPN/RDP logs for past 24h
59,BruteForce,Critical,Workstation-07,4,CVE-2024-38077,9.8,True,Repeated failed logins from same IP over 48h,T1110,Brute Force,2024-11-08 11:42:00,1. Enable account lockout immediately | 2. Block source IP | 3. Enforce MFA | 4. Review VPN/RDP logs for past 24h
60,BruteForce,Low,Workstation-07,4,None,0.0,True,Repeated failed logins from same IP over 48h,T1110,Brute Force,2024-11-10 20:51:00,1. Enable account lockout immediately | 2. Block source IP | 3. Enforce MFA | 4. Review VPN/RDP logs for past 24h
61,Malware,High,FileServer-02,8,None,0.0,True,Similar incident 2 months ago on same subnet,T1059,Command and Scripting Interpreter,2024-11-20 16:26:00,1. Isolate the affected endpoint | 2. Run EDR scan and memory dump | 3. Check SIEM for lateral movement | 4. Review process execution logs (T1059)
62,Ransomware,High,AppServer-06,6,None,0.0,False,No prior ransomware history,T1486,Data Encrypted for Impact,2024-11-30 14:00:00,1. Disconnect host from network IMMEDIATELY | 2. Snapshot VMs before shutdown | 3. Activate IR playbook | 4. Preserve forensic evidence
63,DataExfiltration,Critical,DomainController-01,10,None,0.0,True,Unusual outbound traffic spike last week,T1041,Exfiltration Over C2 Channel,2024-11-30 22:33:00,1. Block destination IP at perimeter | 2. Capture full network traffic | 3. Identify scope of exfiltrated data | 4. Engage legal team
64,Ransomware,Critical,DomainController-01,10,None,0.0,True,Ransomware family previously seen in sector,T1486,Data Encrypted for Impact,2024-11-23 21:35:00,1. Disconnect host from network IMMEDIATELY | 2. Snapshot VMs before shutdown | 3. Activate IR playbook | 4. Preserve forensic evidence
65,Phishing,High,Workstation-07,4,None,0.0,True,Similar phishing attempt observed yesterday,T1566,Phishing,2024-11-19 10:53:00,1. Block sender domain at mail gateway | 2. Notify impacted users | 3. Search mailboxes for similar messages | 4. Reset credentials if link was clicked
66,BruteForce,High,DatabaseServer-04,9,None,0.0,True,Repeated failed logins from same IP over 48h,T1110,Brute Force,2024-11-28 10:17:00,1. Enable account lockout immediately | 2. Block source IP | 3. Enforce MFA | 4. Review VPN/RDP logs for past 24h
67,BruteForce,High,FileServer-02,8,None,0.0,True,Repeated failed logins from same IP over 48h,T1110,Brute Force,2024-11-11 06:17:00,1. Enable account lockout immediately | 2. Block source IP | 3. Enforce MFA | 4. Review VPN/RDP logs for past 24h
68,Phishing,Critical,DomainController-01,10,CVE-2023-36884,8.8,False,First occurrence,T1566,Phishing,2024-11-07 18:45:00,1. Block sender domain at mail gateway | 2. Notify impacted users | 3. Search mailboxes for similar messages | 4. Reset credentials if link was clicked
69,BruteForce,High,MailServer-05,7,None,0.0,False,Isolated failed login,T1110,Brute Force,2024-11-19 04:24:00,1. Enable account lockout immediately | 2. Block source IP | 3. Enforce MFA | 4. Review VPN/RDP logs for past 24h
70,Ransomware,High,DomainController-01,10,None,0.0,False,No prior ransomware history,T1486,Data Encrypted for Impact,2024-11-16 06:19:00,1. Disconnect host from network IMMEDIATELY | 2. Snapshot VMs before shutdown | 3. Activate IR playbook | 4. Preserve forensic evidence
71,DataExfiltration,High,AppServer-06,6,None,0.0,True,Unusual outbound traffic spike last week,T1041,Exfiltration Over C2 Channel,2024-11-26 23:57:00,1. Block destination IP at perimeter | 2. Capture full network traffic | 3. Identify scope of exfiltrated data | 4. Engage legal team
72,Malware,Critical,AppServer-06,6,None,0.0,False,No prior incidents,T1059,Command and Scripting Interpreter,2024-11-30 05:51:00,1. Isolate the affected endpoint | 2. Run EDR scan and memory dump | 3. Check SIEM for lateral movement | 4. Review process execution logs (T1059)
73,Malware,High,Workstation-07,4,CVE-2024-30051,7.8,True,Similar incident 2 months ago on same subnet,T1059,Command and Scripting Interpreter,2024-11-18 01:37:00,1. Isolate the affected endpoint | 2. Run EDR scan and memory dump | 3. Check SIEM for lateral movement | 4. Review process execution logs (T1059)
74,Malware,High,AppServer-06,6,CVE-2024-30051,7.8,False,No prior incidents,T1059,Command and Scripting Interpreter,2024-11-12 08:24:00,1. Isolate the affected endpoint | 2. Run EDR scan and memory dump | 3. Check SIEM for lateral movement | 4. Review process execution logs (T1059)
75,BruteForce,Critical,MailServer-05,7,None,0.0,True,Repeated failed logins from same IP over 48h,T1110,Brute Force,2024-11-19 05:16:00,1. Enable account lockout immediately | 2. Block source IP | 3. Enforce MFA | 4. Review VPN/RDP logs for past 24h
76,BruteForce,High,Workstation-08,4,CVE-2024-49563,7.3,False,Isolated failed login,T1110,Brute Force,2024-11-28 23:04:00,1. Enable account lockout immediately | 2. Block source IP | 3. Enforce MFA | 4. Review VPN/RDP logs for past 24h
77,Ransomware,Critical,DomainController-01,10,CVE-2024-37085,7.2,False,No prior ransomware history,T1486,Data Encrypted for Impact,2024-11-07 18:15:00,1. Disconnect host from network IMMEDIATELY | 2. Snapshot VMs before shutdown | 3. Activate IR playbook | 4. Preserve forensic evidence
78,Ransomware,High,FileServer-02,8,None,0.0,True,Ransomware family previously seen in sector,T1486,Data Encrypted for Impact,2024-11-08 09:38:00,1. Disconnect host from network IMMEDIATELY | 2. Snapshot VMs before shutdown | 3. Activate IR playbook | 4. Preserve forensic evidence
79,DataExfiltration,High,DomainController-01,10,CVE-2024-30103,8.8,False,No prior exfiltration events,T1041,Exfiltration Over C2 Channel,2024-11-02 08:59:00,1. Block destination IP at perimeter | 2. Capture full network traffic | 3. Identify scope of exfiltrated data | 4. Engage legal team
80,Ransomware,High,AppServer-06,6,None,0.0,False,No prior ransomware history,T1486,Data Encrypted for Impact,2024-11-26 12:44:00,1. Disconnect host from network IMMEDIATELY | 2. Snapshot VMs before shutdown | 3. Activate IR playbook | 4. Preserve forensic evidence
81,Malware,High,WebServer-03,7,None,0.0,True,Similar incident 2 months ago on same subnet,T1059,Command and Scripting Interpreter,2024-11-25 09:50:00,1. Isolate the affected endpoint | 2. Run EDR scan and memory dump | 3. Check SIEM for lateral movement | 4. Review process execution logs (T1059)
82,BruteForce,Low,Workstation-08,4,None,0.0,False,Isolated failed login,T1110,Brute Force,2024-11-19 04:52:00,1. Enable account lockout immediately | 2. Block source IP | 3. Enforce MFA | 4. Review VPN/RDP logs for past 24h
83,BruteForce,High,MailServer-05,7,None,0.0,True,Repeated failed logins from same IP over 48h,T1110,Brute Force,2024-11-23 12:41:00,1. Enable account lockout immediately | 2. Block source IP | 3. Enforce MFA | 4. Review VPN/RDP logs for past 24h
84,DataExfiltration,High,Workstation-08,4,None,0.0,True,Unusual outbound traffic spike last week,T1041,Exfiltration Over C2 Channel,2024-11-26 12:17:00,1. Block destination IP at perimeter | 2. Capture full network traffic | 3. Identify scope of exfiltrated data | 4. Engage legal team
85,BruteForce,High,DomainController-01,10,None,0.0,False,Isolated failed login,T1110,Brute Force,2024-11-21 01:36:00,1. Enable account lockout immediately | 2. Block source IP | 3. Enforce MFA | 4. Review VPN/RDP logs for past 24h
86,BruteForce,High,DomainController-01,10,None,0.0,False,Isolated failed login,T1110,Brute Force,2024-11-10 07:22:00,1. Enable account lockout immediately | 2. Block source IP | 3. Enforce MFA | 4. Review VPN/RDP logs for past 24h
87,BruteForce,Critical,WebServer-03,7,None,0.0,True,Repeated failed logins from same IP over 48h,T1110,Brute Force,2024-11-04 21:15:00,1. Enable account lockout immediately | 2. Block source IP | 3. Enforce MFA | 4. Review VPN/RDP logs for past 24h
88,BruteForce,High,FileServer-02,8,None,0.0,True,Repeated failed logins from same IP over 48h,T1110,Brute Force,2024-11-01 23:05:00,1. Enable account lockout immediately | 2. Block source IP | 3. Enforce MFA | 4. Review VPN/RDP logs for past 24h
89,BruteForce,High,FileServer-02,8,None,0.0,False,Isolated failed login,T1110,Brute Force,2024-11-24 20:33:00,1. Enable account lockout immediately | 2. Block source IP | 3. Enforce MFA | 4. Review VPN/RDP logs for past 24h
90,Phishing,High,Workstation-08,4,None,0.0,True,Similar phishing attempt observed yesterday,T1566,Phishing,2024-11-14 07:16:00,1. Block sender domain at mail gateway | 2. Notify impacted users | 3. Search mailboxes for similar messages | 4. Reset credentials if link was clicked
91,Ransomware,High,MailServer-05,7,CVE-2024-40711,9.8,True,Ransomware family previously seen in sector,T1486,Data Encrypted for Impact,2024-11-30 16:11:00,1. Disconnect host from network IMMEDIATELY | 2. Snapshot VMs before shutdown | 3. Activate IR playbook | 4. Preserve forensic evidence
92,DataExfiltration,High,WebServer-03,7,None,0.0,True,Unusual outbound traffic spike last week,T1041,Exfiltration Over C2 Channel,2024-11-13 07:06:00,1. Block destination IP at perimeter | 2. Capture full network traffic | 3. Identify scope of exfiltrated data | 4. Engage legal team
93,BruteForce,Critical,MailServer-05,7,CVE-2024-38077,9.8,True,Repeated failed logins from same IP over 48h,T1110,Brute Force,2024-11-06 15:17:00,1. Enable account lockout immediately | 2. Block source IP | 3. Enforce MFA | 4. Review VPN/RDP logs for past 24h
94,Malware,Medium,Workstation-07,4,None,0.0,True,Similar incident 2 months ago on same subnet,T1059,Command and Scripting Interpreter,2024-11-22 04:06:00,1. Isolate the affected endpoint | 2. Run EDR scan and memory dump | 3. Check SIEM for lateral movement | 4. Review process execution logs (T1059)
95,Ransomware,High,Workstation-07,4,None,0.0,False,No prior ransomware history,T1486,Data Encrypted for Impact,2024-11-03 10:16:00,1. Disconnect host from network IMMEDIATELY | 2. Snapshot VMs before shutdown | 3. Activate IR playbook | 4. Preserve forensic evidence
96,BruteForce,High,DomainController-01,10,None,0.0,True,Repeated failed logins from same IP over 48h,T1110,Brute Force,2024-11-30 12:03:00,1. Enable account lockout immediately | 2. Block source IP | 3. Enforce MFA | 4. Review VPN/RDP logs for past 24h
97,DataExfiltration,High,WebServer-03,7,CVE-2024-21338,7.8,False,No prior exfiltration events,T1041,Exfiltration Over C2 Channel,2024-11-19 00:38:00,1. Block destination IP at perimeter | 2. Capture full network traffic | 3. Identify scope of exfiltrated data | 4. Engage legal team
98,Ransomware,High,Workstation-08,4,None,0.0,True,Ransomware family previously seen in sector,T1486,Data Encrypted for Impact,2024-11-26 08:27:00,1. Disconnect host from network IMMEDIATELY | 2. Snapshot VMs before shutdown | 3. Activate IR playbook | 4. Preserve forensic evidence
99,Ransomware,High,DomainController-01,10,CVE-2024-37085,7.2,False,No prior ransomware history,T1486,Data Encrypted for Impact,2024-11-04 17:10:00,1. Disconnect host from network IMMEDIATELY | 2. Snapshot VMs before shutdown | 3. Activate IR playbook | 4. Preserve forensic evidence
100,BruteForce,High,DatabaseServer-04,9,CVE-2024-49563,7.3,True,Repeated failed logins from same IP over 48h,T1110,Brute Force,2024-11-21 07:18:00,1. Enable account lockout immediately | 2. Block source IP | 3. Enforce MFA | 4. Review VPN/RDP logs for past 24h
101,BruteForce,Medium,Workstation-08,4,None,0.0,False,Isolated failed login,T1110,Brute Force,2024-11-11 05:59:00,1. Enable account lockout immediately | 2. Block source IP | 3. Enforce MFA | 4. Review VPN/RDP logs for past 24h
102,DataExfiltration,Critical,FileServer-02,8,None,0.0,False,No prior exfiltration events,T1041,Exfiltration Over C2 Channel,2024-11-07 14:58:00,1. Block destination IP at perimeter | 2. Capture full network traffic | 3. Identify scope of exfiltrated data | 4. Engage legal team
103,Malware,High,DomainController-01,10,CVE-2024-30051,7.8,True,Similar incident 2 months ago on same subnet,T1059,Command and Scripting Interpreter,2024-11-25 12:58:00,1. Isolate the affected endpoint | 2. Run EDR scan and memory dump | 3. Check SIEM for lateral movement | 4. Review process execution logs (T1059)
104,Malware,High,WebServer-03,7,None,0.0,True,Similar incident 2 months ago on same subnet,T1059,Command and Scripting Interpreter,2024-11-22 07:28:00,1. Isolate the affected endpoint | 2. Run EDR scan and memory dump | 3. Check SIEM for lateral movement | 4. Review process execution logs (T1059)
105,Malware,Medium,Workstation-08,4,None,0.0,False,No prior incidents,T1059,Command and Scripting Interpreter,2024-11-11 00:43:00,1. Isolate the affected endpoint | 2. Run EDR scan and memory dump | 3. Check SIEM for lateral movement | 4. Review process execution logs (T1059)
106,Ransomware,High,DomainController-01,10,CVE-2024-26169,7.0,True,Ransomware family previously seen in sector,T1486,Data Encrypted for Impact,2024-11-08 17:30:00,1. Disconnect host from network IMMEDIATELY | 2. Snapshot VMs before shutdown | 3. Activate IR playbook | 4. Preserve forensic evidence
107,BruteForce,High,WebServer-03,7,CVE-2024-38077,9.8,True,Repeated failed logins from same IP over 48h,T1110,Brute Force,2024-11-22 05:05:00,1. Enable account lockout immediately | 2. Block source IP | 3. Enforce MFA | 4. Review VPN/RDP logs for past 24h
108,BruteForce,High,MailServer-05,7,CVE-2024-49563,7.3,False,Isolated failed login,T1110,Brute Force,2024-11-30 20:31:00,1. Enable account lockout immediately | 2. Block source IP | 3. Enforce MFA | 4. Review VPN/RDP logs for past 24h
109,Phishing,High,Workstation-08,4,CVE-2024-20656,7.8,False,First occurrence,T1566,Phishing,2024-11-15 01:07:00,1. Block sender domain at mail gateway | 2. Notify impacted users | 3. Search mailboxes for similar messages | 4. Reset credentials if link was clicked
110,BruteForce,High,Workstation-08,4,CVE-2024-49563,7.3,True,Repeated failed logins from same IP over 48h,T1110,Brute Force,2024-11-18 21:03:00,1. Enable account lockout immediately | 2. Block source IP | 3. Enforce MFA | 4. Review VPN/RDP logs for past 24h
111,BruteForce,High,Workstation-07,4,None,0.0,False,Isolated failed login,T1110,Brute Force,2024-11-24 16:08:00,1. Enable account lockout immediately | 2. Block source IP | 3. Enforce MFA | 4. Review VPN/RDP logs for past 24h
112,BruteForce,Critical,Workstation-07,4,CVE-2024-49563,7.3,True,Repeated failed logins from same IP over 48h,T1110,Brute Force,2024-11-11 11:45:00,1. Enable account lockout immediately | 2. Block source IP | 3. Enforce MFA | 4. Review VPN/RDP logs for past 24h
113,BruteForce,Critical,Workstation-08,4,None,0.0,True,Repeated failed logins from same IP over 48h,T1110,Brute Force,2024-11-06 02:29:00,1. Enable account lockout immediately | 2. Block source IP | 3. Enforce MFA | 4. Review VPN/RDP logs for past 24h
114,Ransomware,High,DatabaseServer-04,9,None,0.0,False,No prior ransomware history,T1486,Data Encrypted for Impact,2024-11-12 21:26:00,1. Disconnect host from network IMMEDIATELY | 2. Snapshot VMs before shutdown | 3. Activate IR playbook | 4. Preserve forensic evidence
115,Phishing,High,FileServer-02,8,None,0.0,False,First occurrence,T1566,Phishing,2024-11-26 19:32:00,1. Block sender domain at mail gateway | 2. Notify impacted users | 3. Search mailboxes for similar messages | 4. Reset credentials if link was clicked
116,Malware,High,DomainController-01,10,CVE-2024-38112,8.8,True,Similar incident 2 months ago on same subnet,T1059,Command and Scripting Interpreter,2024-11-15 18:59:00,1. Isolate the affected endpoint | 2. Run EDR scan and memory dump | 3. Check SIEM for lateral movement | 4. Review process execution logs (T1059)
117,BruteForce,High,DomainController-01,10,None,0.0,True,Repeated failed logins from same IP over 48h,T1110,Brute Force,2024-11-25 23:42:00,1. Enable account lockout immediately | 2. Block source IP | 3. Enforce MFA | 4. Review VPN/RDP logs for past 24h
118,Malware,High,Workstation-08,4,None,0.0,True,Similar incident 2 months ago on same subnet,T1059,Command and Scripting Interpreter,2024-11-24 10:24:00,1. Isolate the affected endpoint | 2. Run EDR scan and memory dump | 3. Check SIEM for lateral movement | 4. Review process execution logs (T1059)
119,BruteForce,Critical,FileServer-02,8,CVE-2024-38077,9.8,False,Isolated failed login,T1110,Brute Force,2024-11-18 18:02:00,1. Enable account lockout immediately | 2. Block source IP | 3. Enforce MFA | 4. Review VPN/RDP logs for past 24h
120,BruteForce,High,AppServer-06,6,None,0.0,True,Repeated failed logins from same IP over 48h,T1110,Brute Force,2024-11-29 01:09:00,1. Enable account lockout immediately | 2. Block source IP | 3. Enforce MFA | 4. Review VPN/RDP logs for past 24h
121,Malware,High,Workstation-08,4,None,0.0,False,No prior incidents,T1059,Command and Scripting Interpreter,2024-11-20 00:06:00,1. Isolate the affected endpoint | 2. Run EDR scan and memory dump | 3. Check SIEM for lateral movement | 4. Review process execution logs (T1059)
122,BruteForce,High,DatabaseServer-04,9,None,0.0,True,Repeated failed logins from same IP over 48h,T1110,Brute Force,2024-11-04 10:30:00,1. Enable account lockout immediately | 2. Block source IP | 3. Enforce MFA | 4. Review VPN/RDP logs for past 24h
123,BruteForce,High,AppServer-06,6,CVE-2024-49563,7.3,True,Repeated failed logins from same IP over 48h,T1110,Brute Force,2024-11-24 00:24:00,1. Enable account lockout immediately | 2. Block source IP | 3. Enforce MFA | 4. Review VPN/RDP logs for past 24h
124,Ransomware,Critical,Workstation-07,4,None,0.0,False,No prior ransomware history,T1486,Data Encrypted for Impact,2024-11-28 04:43:00,1. Disconnect host from network IMMEDIATELY | 2. Snapshot VMs before shutdown | 3. Activate IR playbook | 4. Preserve forensic evidence
125,Phishing,High,DomainController-01,10,None,0.0,True,Similar phishing attempt observed yesterday,T1566,Phishing,2024-12-01 06:55:00,1. Block sender domain at mail gateway | 2. Notify impacted users | 3. Search mailboxes for similar messages | 4. Reset credentials if link was clicked
126,Malware,Critical,WebServer-03,7,CVE-2024-21412,9.8,True,Similar incident 2 months ago on same subnet,T1059,Command and Scripting Interpreter,2024-11-13 18:22:00,1. Isolate the affected endpoint | 2. Run EDR scan and memory dump | 3. Check SIEM for lateral movement | 4. Review process execution logs (T1059)
127,Malware,High,Workstation-08,4,None,0.0,True,Similar incident 2 months ago on same subnet,T1059,Command and Scripting Interpreter,2024-11-08 12:11:00,1. Isolate the affected endpoint | 2. Run EDR scan and memory dump | 3. Check SIEM for lateral movement | 4. Review process execution logs (T1059)
128,DataExfiltration,Medium,Workstation-07,4,None,0.0,False,No prior exfiltration events,T1041,Exfiltration Over C2 Channel,2024-11-28 11:16:00,1. Block destination IP at perimeter | 2. Capture full network traffic | 3. Identify scope of exfiltrated data | 4. Engage legal team
129,Ransomware,High,Workstation-07,4,CVE-2024-26169,7.0,False,No prior ransomware history,T1486,Data Encrypted for Impact,2024-11-20 02:22:00,1. Disconnect host from network IMMEDIATELY | 2. Snapshot VMs before shutdown | 3. Activate IR playbook | 4. Preserve forensic evidence
130,BruteForce,High,AppServer-06,6,None,0.0,False,Isolated failed login,T1110,Brute Force,2024-11-17 15:54:00,1. Enable account lockout immediately | 2. Block source IP | 3. Enforce MFA | 4. Review VPN/RDP logs for past 24h
131,Malware,Critical,MailServer-05,7,None,0.0,True,Similar incident 2 months ago on same subnet,T1059,Command and Scripting Interpreter,2024-11-02 04:53:00,1. Isolate the affected endpoint | 2. Run EDR scan and memory dump | 3. Check SIEM for lateral movement | 4. Review process execution logs (T1059)
132,BruteForce,High,DomainController-01,10,None,0.0,True,Repeated failed logins from same IP over 48h,T1110,Brute Force,2024-11-13 11:49:00,1. Enable account lockout immediately | 2. Block source IP | 3. Enforce MFA | 4. Review VPN/RDP logs for past 24h
133,Ransomware,High,MailServer-05,7,CVE-2024-37085,7.2,True,Ransomware family previously seen in sector,T1486,Data Encrypted for Impact,2024-11-30 04:48:00,1. Disconnect host from network IMMEDIATELY | 2. Snapshot VMs before shutdown | 3. Activate IR playbook | 4. Preserve forensic evidence
134,Ransomware,High,DatabaseServer-04,9,CVE-2024-40711,9.8,True,Ransomware family previously seen in sector,T1486,Data Encrypted for Impact,2024-11-14 10:50:00,1. Disconnect host from network IMMEDIATELY | 2. Snapshot VMs before shutdown | 3. Activate IR playbook | 4. Preserve forensic evidence
135,Ransomware,High,DatabaseServer-04,9,CVE-2024-40711,9.8,False,No prior ransomware history,T1486,Data Encrypted for Impact,2024-11-18 23:11:00,1. Disconnect host from network IMMEDIATELY | 2. Snapshot VMs before shutdown | 3. Activate IR playbook | 4. Preserve forensic evidence
136,DataExfiltration,High,MailServer-05,7,None,0.0,False,No prior exfiltration events,T1041,Exfiltration Over C2 Channel,2024-11-08 06:16:00,1. Block destination IP at perimeter | 2. Capture full network traffic | 3. Identify scope of exfiltrated data | 4. Engage legal team
137,Phishing,High,WebServer-03,7,None,0.0,True,Similar phishing attempt observed yesterday,T1566,Phishing,2024-11-04 11:09:00,1. Block sender domain at mail gateway | 2. Notify impacted users | 3. Search mailboxes for similar messages | 4. Reset credentials if link was clicked
138,Malware,High,AppServer-06,6,None,0.0,True,Similar incident 2 months ago on same subnet,T1059,Command and Scripting Interpreter,2024-11-01 20:16:00,1. Isolate the affected endpoint | 2. Run EDR scan and memory dump | 3. Check SIEM for lateral movement | 4. Review process execution logs (T1059)
139,BruteForce,High,WebServer-03,7,None,0.0,True,Repeated failed logins from same IP over 48h,T1110,Brute Force,2024-11-17 02:06:00,1. Enable account lockout immediately | 2. Block source IP | 3. Enforce MFA | 4. Review VPN/RDP logs for past 24h
140,BruteForce,High,Workstation-08,4,None,0.0,False,Isolated failed login,T1110,Brute Force,2024-11-03 22:40:00,1. Enable account lockout immediately | 2. Block source IP | 3. Enforce MFA | 4. Review VPN/RDP logs for past 24h
141,Phishing,Critical,WebServer-03,7,None,0.0,False,First occurrence,T1566,Phishing,2024-11-02 20:19:00,1. Block sender domain at mail gateway | 2. Notify impacted users | 3. Search mailboxes for similar messages | 4. Reset credentials if link was clicked
142,Malware,Critical,FileServer-02,8,None,0.0,True,Similar incident 2 months ago on same subnet,T1059,Command and Scripting Interpreter,2024-11-29 20:47:00,1. Isolate the affected endpoint | 2. Run EDR scan and memory dump | 3. Check SIEM for lateral movement | 4. Review process execution logs (T1059)
143,BruteForce,High,DatabaseServer-04,9,None,0.0,True,Repeated failed logins from same IP over 48h,T1110,Brute Force,2024-11-27 12:26:00,1. Enable account lockout immediately | 2. Block source IP | 3. Enforce MFA | 4. Review VPN/RDP logs for past 24h
144,BruteForce,Critical,MailServer-05,7,CVE-2024-38077,9.8,True,Repeated failed logins from same IP over 48h,T1110,Brute Force,2024-11-16 17:06:00,1. Enable account lockout immediately | 2. Block source IP | 3. Enforce MFA | 4. Review VPN/RDP logs for past 24h
145,BruteForce,Critical,MailServer-05,7,CVE-2024-49563,7.3,False,Isolated failed login,T1110,Brute Force,2024-11-06 11:54:00,1. Enable account lockout immediately | 2. Block source IP | 3. Enforce MFA | 4. Review VPN/RDP logs for past 24h
146,Malware,High,FileServer-02,8,None,0.0,False,No prior incidents,T1059,Command and Scripting Interpreter,2024-11-15 11:15:00,1. Isolate the affected endpoint | 2. Run EDR scan and memory dump | 3. Check SIEM for lateral movement | 4. Review process execution logs (T1059)
147,DataExfiltration,High,FileServer-02,8,CVE-2024-21338,7.8,True,Unusual outbound traffic spike last week,T1041,Exfiltration Over C2 Channel,2024-11-26 06:13:00,1. Block destination IP at perimeter | 2. Capture full network traffic | 3. Identify scope of exfiltrated data | 4. Engage legal team
148,Malware,Critical,DatabaseServer-04,9,None,0.0,True,Similar incident 2 months ago on same subnet,T1059,Command and Scripting Interpreter,2024-11-07 10:08:00,1. Isolate the affected endpoint | 2. Run EDR scan and memory dump | 3. Check SIEM for lateral movement | 4. Review process execution logs (T1059)
149,DataExfiltration,Critical,DomainController-01,10,CVE-2024-21338,7.8,False,No prior exfiltration events,T1041,Exfiltration Over C2 Channel,2024-11-11 09:37:00,1. Block destination IP at perimeter | 2. Capture full network traffic | 3. Identify scope of exfiltrated data | 4. Engage legal team
150,Malware,High,DomainController-01,10,CVE-2024-30051,7.8,True,Similar incident 2 months ago on same subnet,T1059,Command and Scripting Interpreter,2024-11-03 23:30:00,1. Isolate the affected endpoint | 2. Run EDR scan and memory dump | 3. Check SIEM for lateral movement | 4. Review process execution logs (T1059)
151,BruteForce,High,DomainController-01,10,None,0.0,True,Repeated failed logins from same IP over 48h,T1110,Brute Force,2024-11-03 02:46:00,1. Enable account lockout immediately | 2. Block source IP | 3. Enforce MFA | 4. Review VPN/RDP logs for past 24h
152,DataExfiltration,High,Workstation-08,4,None,0.0,True,Unusual outbound traffic spike last week,T1041,Exfiltration Over C2 Channel,2024-11-03 20:30:00,1. Block destination IP at perimeter | 2. Capture full network traffic | 3. Identify scope of exfiltrated data | 4. Engage legal team
153,BruteForce,High,DomainController-01,10,None,0.0,True,Repeated failed logins from same IP over 48h,T1110,Brute Force,2024-11-04 16:20:00,1. Enable account lockout immediately | 2. Block source IP | 3. Enforce MFA | 4. Review VPN/RDP logs for past 24h
154,Malware,High,WebServer-03,7,None,0.0,True,Similar incident 2 months ago on same subnet,T1059,Command and Scripting Interpreter,2024-11-15 02:24:00,1. Isolate the affected endpoint | 2. Run EDR scan and memory dump | 3. Check SIEM for lateral movement | 4. Review process execution logs (T1059)
155,BruteForce,High,Workstation-07,4,None,0.0,False,Isolated failed login,T1110,Brute Force,2024-12-01 04:07:00,1. Enable account lockout immediately | 2. Block source IP | 3. Enforce MFA | 4. Review VPN/RDP logs for past 24h
156,Ransomware,High,Workstation-08,4,CVE-2024-37085,7.2,True,Ransomware family previously seen in sector,T1486,Data Encrypted for Impact,2024-11-18 21:21:00,1. Disconnect host from network IMMEDIATELY | 2. Snapshot VMs before shutdown | 3. Activate IR playbook | 4. Preserve forensic evidence
157,BruteForce,High,DomainController-01,10,None,0.0,True,Repeated failed logins from same IP over 48h,T1110,Brute Force,2024-11-17 05:09:00,1. Enable account lockout immediately | 2. Block source IP | 3. Enforce MFA | 4. Review VPN/RDP logs for past 24h
158,BruteForce,Critical,DomainController-01,10,CVE-2024-49563,7.3,False,Isolated failed login,T1110,Brute Force,2024-11-17 03:51:00,1. Enable account lockout immediately | 2. Block source IP | 3. Enforce MFA | 4. Review VPN/RDP logs for past 24h
159,Malware,High,Workstation-08,4,None,0.0,False,No prior incidents,T1059,Command and Scripting Interpreter,2024-11-16 08:55:00,1. Isolate the affected endpoint | 2. Run EDR scan and memory dump | 3. Check SIEM for lateral movement | 4. Review process execution logs (T1059)
160,DataExfiltration,High,DomainController-01,10,None,0.0,False,No prior exfiltration events,T1041,Exfiltration Over C2 Channel,2024-11-25 21:32:00,1. Block destination IP at perimeter | 2. Capture full network traffic | 3. Identify scope of exfiltrated data | 4. Engage legal team
161,Ransomware,Critical,FileServer-02,8,CVE-2024-40711,9.8,True,Ransomware family previously seen in sector,T1486,Data Encrypted for Impact,2024-11-06 03:48:00,1. Disconnect host from network IMMEDIATELY | 2. Snapshot VMs before shutdown | 3. Activate IR playbook | 4. Preserve forensic evidence
162,Malware,High,AppServer-06,6,None,0.0,True,Similar incident 2 months ago on same subnet,T1059,Command and Scripting Interpreter,2024-11-27 10:43:00,1. Isolate the affected endpoint | 2. Run EDR scan and memory dump | 3. Check SIEM for lateral movement | 4. Review process execution logs (T1059)
163,Malware,Critical,WebServer-03,7,CVE-2024-21412,9.8,True,Similar incident 2 months ago on same subnet,T1059,Command and Scripting Interpreter,2024-11-14 10:58:00,1. Isolate the affected endpoint | 2. Run EDR scan and memory dump | 3. Check SIEM for lateral movement | 4. Review process execution logs (T1059)
164,Malware,High,DatabaseServer-04,9,None,0.0,False,No prior incidents,T1059,Command and Scripting Interpreter,2024-11-28 06:01:00,1. Isolate the affected endpoint | 2. Run EDR scan and memory dump | 3. Check SIEM for lateral movement | 4. Review process execution logs (T1059)
165,BruteForce,Medium,Workstation-08,4,None,0.0,False,Isolated failed login,T1110,Brute Force,2024-11-14 13:46:00,1. Enable account lockout immediately | 2. Block source IP | 3. Enforce MFA | 4. Review VPN/RDP logs for past 24h
166,Phishing,Critical,DomainController-01,10,CVE-2024-20656,7.8,True,Similar phishing attempt observed yesterday,T1566,Phishing,2024-11-03 08:43:00,1. Block sender domain at mail gateway | 2. Notify impacted users | 3. Search mailboxes for similar messages | 4. Reset credentials if link was clicked
167,BruteForce,Medium,Workstation-08,4,None,0.0,True,Repeated failed logins from same IP over 48h,T1110,Brute Force,2024-11-10 10:48:00,1. Enable account lockout immediately | 2. Block source IP | 3. Enforce MFA | 4. Review VPN/RDP logs for past 24h
168,BruteForce,High,DomainController-01,10,None,0.0,True,Repeated failed logins from same IP over 48h,T1110,Brute Force,2024-11-23 17:42:00,1. Enable account lockout immediately | 2. Block source IP | 3. Enforce MFA | 4. Review VPN/RDP logs for past 24h
169,Malware,Critical,DomainController-01,10,CVE-2024-21412,9.8,True,Similar incident 2 months ago on same subnet,T1059,Command and Scripting Interpreter,2024-11-07 02:48:00,1. Isolate the affected endpoint | 2. Run EDR scan and memory dump | 3. Check SIEM for lateral movement | 4. Review process execution logs (T1059)
170,BruteForce,High,DomainController-01,10,None,0.0,False,Isolated failed login,T1110,Brute Force,2024-11-17 11:34:00,1. Enable account lockout immediately | 2. Block source IP | 3. Enforce MFA | 4. Review VPN/RDP logs for past 24h
171,BruteForce,Critical,MailServer-05,7,CVE-2024-49563,7.3,True,Repeated failed logins from same IP over 48h,T1110,Brute Force,2024-11-19 20:01:00,1. Enable account lockout immediately | 2. Block source IP | 3. Enforce MFA | 4. Review VPN/RDP logs for past 24h
172,Malware,High,MailServer-05,7,None,0.0,True,Similar incident 2 months ago on same subnet,T1059,Command and Scripting Interpreter,2024-11-28 13:26:00,1. Isolate the affected endpoint | 2. Run EDR scan and memory dump | 3. Check SIEM for lateral movement | 4. Review process execution logs (T1059)
173,BruteForce,High,MailServer-05,7,CVE-2024-38077,9.8,True,Repeated failed logins from same IP over 48h,T1110,Brute Force,2024-11-30 16:58:00,1. Enable account lockout immediately | 2. Block source IP | 3. Enforce MFA | 4. Review VPN/RDP logs for past 24h
174,BruteForce,Critical,DomainController-01,10,CVE-2024-38077,9.8,True,Repeated failed logins from same IP over 48h,T1110,Brute Force,2024-11-04 14:25:00,1. Enable account lockout immediately | 2. Block source IP | 3. Enforce MFA | 4. Review VPN/RDP logs for past 24h
175,DataExfiltration,High,FileServer-02,8,None,0.0,False,No prior exfiltration events,T1041,Exfiltration Over C2 Channel,2024-11-28 06:07:00,1. Block destination IP at perimeter | 2. Capture full network traffic | 3. Identify scope of exfiltrated data | 4. Engage legal team
176,Malware,High,MailServer-05,7,CVE-2024-38112,8.8,True,Similar incident 2 months ago on same subnet,T1059,Command and Scripting Interpreter,2024-11-07 13:15:00,1. Isolate the affected endpoint | 2. Run EDR scan and memory dump | 3. Check SIEM for lateral movement | 4. Review process execution logs (T1059)
177,BruteForce,Critical,DatabaseServer-04,9,None,0.0,True,Repeated failed logins from same IP over 48h,T1110,Brute Force,2024-11-04 11:11:00,1. Enable account lockout immediately | 2. Block source IP | 3. Enforce MFA | 4. Review VPN/RDP logs for past 24h
178,Ransomware,High,Workstation-07,4,None,0.0,True,Ransomware family previously seen in sector,T1486,Data Encrypted for Impact,2024-11-25 08:41:00,1. Disconnect host from network IMMEDIATELY | 2. Snapshot VMs before shutdown | 3. Activate IR playbook | 4. Preserve forensic evidence
179,Ransomware,High,MailServer-05,7,CVE-2024-37085,7.2,True,Ransomware family previously seen in sector,T1486,Data Encrypted for Impact,2024-11-28 04:19:00,1. Disconnect host from network IMMEDIATELY | 2. Snapshot VMs before shutdown | 3. Activate IR playbook | 4. Preserve forensic evidence
180,Ransomware,Critical,MailServer-05,7,None,0.0,True,Ransomware family previously seen in sector,T1486,Data Encrypted for Impact,2024-11-02 20:03:00,1. Disconnect host from network IMMEDIATELY | 2. Snapshot VMs before shutdown | 3. Activate IR playbook | 4. Preserve forensic evidence
181,BruteForce,High,DomainController-01,10,None,0.0,False,Isolated failed login,T1110,Brute Force,2024-11-26 00:35:00,1. Enable account lockout immediately | 2. Block source IP | 3. Enforce MFA | 4. Review VPN/RDP logs for past 24h
182,DataExfiltration,High,DomainController-01,10,None,0.0,True,Unusual outbound traffic spike last week,T1041,Exfiltration Over C2 Channel,2024-11-09 06:20:00,1. Block destination IP at perimeter | 2. Capture full network traffic | 3. Identify scope of exfiltrated data | 4. Engage legal team
183,BruteForce,Critical,DomainController-01,10,None,0.0,True,Repeated failed logins from same IP over 48h,T1110,Brute Force,2024-11-15 21:45:00,1. Enable account lockout immediately | 2. Block source IP | 3. Enforce MFA | 4. Review VPN/RDP logs for past 24h
184,Ransomware,Low,Workstation-08,4,None,0.0,True,Ransomware family previously seen in sector,T1486,Data Encrypted for Impact,2024-11-23 14:33:00,1. Disconnect host from network IMMEDIATELY | 2. Snapshot VMs before shutdown | 3. Activate IR playbook | 4. Preserve forensic evidence
185,BruteForce,High,WebServer-03,7,None,0.0,False,Isolated failed login,T1110,Brute Force,2024-11-26 18:03:00,1. Enable account lockout immediately | 2. Block source IP | 3. Enforce MFA | 4. Review VPN/RDP logs for past 24h
186,Ransomware,Critical,DomainController-01,10,CVE-2024-26169,7.0,True,Ransomware family previously seen in sector,T1486,Data Encrypted for Impact,2024-11-13 08:16:00,1. Disconnect host from network IMMEDIATELY | 2. Snapshot VMs before shutdown | 3. Activate IR playbook | 4. Preserve forensic evidence
187,Ransomware,Critical,DatabaseServer-04,9,CVE-2024-26169,7.0,True,Ransomware family previously seen in sector,T1486,Data Encrypted for Impact,2024-11-16 04:19:00,1. Disconnect host from network IMMEDIATELY | 2. Snapshot VMs before shutdown | 3. Activate IR playbook | 4. Preserve forensic evidence
188,Ransomware,High,AppServer-06,6,CVE-2024-37085,7.2,True,Ransomware family previously seen in sector,T1486,Data Encrypted for Impact,2024-11-14 11:35:00,1. Disconnect host from network IMMEDIATELY | 2. Snapshot VMs before shutdown | 3. Activate IR playbook | 4. Preserve forensic evidence
189,DataExfiltration,Critical,DatabaseServer-04,9,None,0.0,True,Unusual outbound traffic spike last week,T1041,Exfiltration Over C2 Channel,2024-11-22 22:23:00,1. Block destination IP at perimeter | 2. Capture full network traffic | 3. Identify scope of exfiltrated data | 4. Engage legal team
190,BruteForce,Low,Workstation-08,4,None,0.0,False,Isolated failed login,T1110,Brute Force,2024-11-07 02:09:00,1. Enable account lockout immediately | 2. Block source IP | 3. Enforce MFA | 4. Review VPN/RDP logs for past 24h
191,DataExfiltration,Medium,Workstation-07,4,None,0.0,True,Unusual outbound traffic spike last week,T1041,Exfiltration Over C2 Channel,2024-11-27 14:08:00,1. Block destination IP at perimeter | 2. Capture full network traffic | 3. Identify scope of exfiltrated data | 4. Engage legal team
192,Malware,High,DatabaseServer-04,9,None,0.0,False,No prior incidents,T1059,Command and Scripting Interpreter,2024-11-19 22:02:00,1. Isolate the affected endpoint | 2. Run EDR scan and memory dump | 3. Check SIEM for lateral movement | 4. Review process execution logs (T1059)
193,Ransomware,High,FileServer-02,8,None,0.0,True,Ransomware family previously seen in sector,T1486,Data Encrypted for Impact,2024-11-20 09:14:00,1. Disconnect host from network IMMEDIATELY | 2. Snapshot VMs before shutdown | 3. Activate IR playbook | 4. Preserve forensic evidence
194,BruteForce,Critical,Workstation-07,4,CVE-2024-38077,9.8,True,Repeated failed logins from same IP over 48h,T1110,Brute Force,2024-11-20 01:29:00,1. Enable account lockout immediately | 2. Block source IP | 3. Enforce MFA | 4. Review VPN/RDP logs for past 24h
195,DataExfiltration,High,Workstation-08,4,None,0.0,False,No prior exfiltration events,T1041,Exfiltration Over C2 Channel,2024-11-09 18:51:00,1. Block destination IP at perimeter | 2. Capture full network traffic | 3. Identify scope of exfiltrated data | 4. Engage legal team
196,DataExfiltration,High,DomainController-01,10,None,0.0,True,Unusual outbound traffic spike last week,T1041,Exfiltration Over C2 Channel,2024-11-05 15:45:00,1. Block destination IP at perimeter | 2. Capture full network traffic | 3. Identify scope of exfiltrated data | 4. Engage legal team
197,DataExfiltration,High,WebServer-03,7,CVE-2024-21338,7.8,False,No prior exfiltration events,T1041,Exfiltration Over C2 Channel,2024-11-23 03:09:00,1. Block destination IP at perimeter | 2. Capture full network traffic | 3. Identify scope of exfiltrated data | 4. Engage legal team
198,Malware,High,FileServer-02,8,None,0.0,True,Similar incident 2 months ago on same subnet,T1059,Command and Scripting Interpreter,2024-11-18 22:03:00,1. Isolate the affected endpoint | 2. Run EDR scan and memory dump | 3. Check SIEM for lateral movement | 4. Review process execution logs (T1059)
199,BruteForce,Critical,AppServer-06,6,CVE-2024-49563,7.3,False,Isolated failed login,T1110,Brute Force,2024-11-05 11:53:00,1. Enable account lockout immediately | 2. Block source IP | 3. Enforce MFA | 4. Review VPN/RDP logs for past 24h
200,BruteForce,Critical,DatabaseServer-04,9,CVE-2024-38077,9.8,True,Repeated failed logins from same IP over 48h,T1110,Brute Force,2024-11-21 09:44:00,1. Enable account lockout immediately | 2. Block source IP | 3. Enforce MFA | 4. Review VPN/RDP logs for past 24h
201,DataExfiltration,High,Workstation-07,4,None,0.0,True,Unusual outbound traffic spike last week,T1041,Exfiltration Over C2 Channel,2024-11-02 01:16:00,1. Block destination IP at perimeter | 2. Capture full network traffic | 3. Identify scope of exfiltrated data | 4. Engage legal team
202,Malware,Critical,Workstation-08,4,None,0.0,False,No prior incidents,T1059,Command and Scripting Interpreter,2024-11-14 02:07:00,1. Isolate the affected endpoint | 2. Run EDR scan and memory dump | 3. Check SIEM for lateral movement | 4. Review process execution logs (T1059)
203,BruteForce,Low,Workstation-08,4,None,0.0,True,Repeated failed logins from same IP over 48h,T1110,Brute Force,2024-11-01 22:40:00,1. Enable account lockout immediately | 2. Block source IP | 3. Enforce MFA | 4. Review VPN/RDP logs for past 24h
204,Malware,Critical,DatabaseServer-04,9,CVE-2024-38112,8.8,True,Similar incident 2 months ago on same subnet,T1059,Command and Scripting Interpreter,2024-11-11 12:36:00,1. Isolate the affected endpoint | 2. Run EDR scan and memory dump | 3. Check SIEM for lateral movement | 4. Review process execution logs (T1059)
205,Ransomware,High,DomainController-01,10,None,0.0,False,No prior ransomware history,T1486,Data Encrypted for Impact,2024-11-23 16:34:00,1. Disconnect host from network IMMEDIATELY | 2. Snapshot VMs before shutdown | 3. Activate IR playbook | 4. Preserve forensic evidence
206,Phishing,Critical,Workstation-08,4,CVE-2024-20656,7.8,True,Similar phishing attempt observed yesterday,T1566,Phishing,2024-11-28 08:24:00,1. Block sender domain at mail gateway | 2. Notify impacted users | 3. Search mailboxes for similar messages | 4. Reset credentials if link was clicked
207,BruteForce,High,DomainController-01,10,None,0.0,False,Isolated failed login,T1110,Brute Force,2024-11-29 06:40:00,1. Enable account lockout immediately | 2. Block source IP | 3. Enforce MFA | 4. Review VPN/RDP logs for past 24h
208,Ransomware,Critical,MailServer-05,7,CVE-2024-37085,7.2,True,Ransomware family previously seen in sector,T1486,Data Encrypted for Impact,2024-11-28 16:11:00,1. Disconnect host from network IMMEDIATELY | 2. Snapshot VMs before shutdown | 3. Activate IR playbook | 4. Preserve forensic evidence
209,Ransomware,High,Workstation-07,4,CVE-2024-37085,7.2,False,No prior ransomware history,T1486,Data Encrypted for Impact,2024-11-20 18:02:00,1. Disconnect host from network IMMEDIATELY | 2. Snapshot VMs before shutdown | 3. Activate IR playbook | 4. Preserve forensic evidence
210,Malware,Critical,FileServer-02,8,CVE-2024-21412,9.8,False,No prior incidents,T1059,Command and Scripting Interpreter,2024-11-18 05:52:00,1. Isolate the affected endpoint | 2. Run EDR scan and memory dump | 3. Check SIEM for lateral movement | 4. Review process execution logs (T1059)
211,BruteForce,High,FileServer-02,8,None,0.0,True,Repeated failed logins from same IP over 48h,T1110,Brute Force,2024-11-29 05:21:00,1. Enable account lockout immediately | 2. Block source IP | 3. Enforce MFA | 4. Review VPN/RDP logs for past 24h
212,DataExfiltration,High,AppServer-06,6,None,0.0,True,Unusual outbound traffic spike last week,T1041,Exfiltration Over C2 Channel,2024-11-17 17:21:00,1. Block destination IP at perimeter | 2. Capture full network traffic | 3. Identify scope of exfiltrated data | 4. Engage legal team
213,BruteForce,High,Workstation-07,4,None,0.0,True,Repeated failed logins from same IP over 48h,T1110,Brute Force,2024-11-04 18:46:00,1. Enable account lockout immediately | 2. Block source IP | 3. Enforce MFA | 4. Review VPN/RDP logs for past 24h
214,BruteForce,Critical,DatabaseServer-04,9,None,0.0,False,Isolated failed login,T1110,Brute Force,2024-11-15 05:42:00,1. Enable account lockout immediately | 2. Block source IP | 3. Enforce MFA | 4. Review VPN/RDP logs for past 24h
215,BruteForce,Critical,AppServer-06,6,CVE-2024-38077,9.8,False,Isolated failed login,T1110,Brute Force,2024-11-03 01:46:00,1. Enable account lockout immediately | 2. Block source IP | 3. Enforce MFA | 4. Review VPN/RDP logs for past 24h
216,BruteForce,High,AppServer-06,6,None,0.0,True,Repeated failed logins from same IP over 48h,T1110,Brute Force,2024-11-03 16:04:00,1. Enable account lockout immediately | 2. Block source IP | 3. Enforce MFA | 4. Review VPN/RDP logs for past 24h
217,BruteForce,High,Workstation-08,4,CVE-2024-38077,9.8,False,Isolated failed login,T1110,Brute Force,2024-11-27 04:43:00,1. Enable account lockout immediately | 2. Block source IP | 3. Enforce MFA | 4. Review VPN/RDP logs for past 24h
218,Malware,High,DomainController-01,10,CVE-2024-30051,7.8,False,No prior incidents,T1059,Command and Scripting Interpreter,2024-11-17 14:36:00,1. Isolate the affected endpoint | 2. Run EDR scan and memory dump | 3. Check SIEM for lateral movement | 4. Review process execution logs (T1059)
219,Malware,Medium,Workstation-08,4,None,0.0,True,Similar incident 2 months ago on same subnet,T1059,Command and Scripting Interpreter,2024-11-04 12:36:00,1. Isolate the affected endpoint | 2. Run EDR scan and memory dump | 3. Check SIEM for lateral movement | 4. Review process execution logs (T1059)
220,BruteForce,Critical,MailServer-05,7,None,0.0,False,Isolated failed login,T1110,Brute Force,2024-11-09 04:31:00,1. Enable account lockout immediately | 2. Block source IP | 3. Enforce MFA | 4. Review VPN/RDP logs for past 24h
221,Phishing,High,DomainController-01,10,None,0.0,True,Similar phishing attempt observed yesterday,T1566,Phishing,2024-11-10 09:39:00,1. Block sender domain at mail gateway | 2. Notify impacted users | 3. Search mailboxes for similar messages | 4. Reset credentials if link was clicked
222,Phishing,Critical,Workstation-07,4,CVE-2023-36884,8.8,True,Similar phishing attempt observed yesterday,T1566,Phishing,2024-11-20 12:11:00,1. Block sender domain at mail gateway | 2. Notify impacted users | 3. Search mailboxes for similar messages | 4. Reset credentials if link was clicked
223,BruteForce,High,DomainController-01,10,None,0.0,True,Repeated failed logins from same IP over 48h,T1110,Brute Force,2024-11-24 17:34:00,1. Enable account lockout immediately | 2. Block source IP | 3. Enforce MFA | 4. Review VPN/RDP logs for past 24h
224,BruteForce,High,DatabaseServer-04,9,CVE-2024-38077,9.8,True,Repeated failed logins from same IP over 48h,T1110,Brute Force,2024-11-06 10:12:00,1. Enable account lockout immediately | 2. Block source IP | 3. Enforce MFA | 4. Review VPN/RDP logs for past 24h
225,Malware,Critical,Workstation-07,4,CVE-2024-21412,9.8,True,Similar incident 2 months ago on same subnet,T1059,Command and Scripting Interpreter,2024-11-21 04:51:00,1. Isolate the affected endpoint | 2. Run EDR scan and memory dump | 3. Check SIEM for lateral movement | 4. Review process execution logs (T1059)
226,Malware,Critical,DomainController-01,10,CVE-2024-21412,9.8,True,Similar incident 2 months ago on same subnet,T1059,Command and Scripting Interpreter,2024-11-21 16:33:00,1. Isolate the affected endpoint | 2. Run EDR scan and memory dump | 3. Check SIEM for lateral movement | 4. Review process execution logs (T1059)
227,BruteForce,High,DomainController-01,10,CVE-2024-38077,9.8,True,Repeated failed logins from same IP over 48h,T1110,Brute Force,2024-11-20 10:29:00,1. Enable account lockout immediately | 2. Block source IP | 3. Enforce MFA | 4. Review VPN/RDP logs for past 24h
228,BruteForce,Critical,Workstation-08,4,None,0.0,True,Repeated failed logins from same IP over 48h,T1110,Brute Force,2024-11-19 17:32:00,1. Enable account lockout immediately | 2. Block source IP | 3. Enforce MFA | 4. Review VPN/RDP logs for past 24h
229,Malware,Critical,DomainController-01,10,None,0.0,False,No prior incidents,T1059,Command and Scripting Interpreter,2024-11-15 00:59:00,1. Isolate the affected endpoint | 2. Run EDR scan and memory dump | 3. Check SIEM for lateral movement | 4. Review process execution logs (T1059)
230,BruteForce,High,Workstation-08,4,None,0.0,False,Isolated failed login,T1110,Brute Force,2024-11-28 08:35:00,1. Enable account lockout immediately | 2. Block source IP | 3. Enforce MFA | 4. Review VPN/RDP logs for past 24h
231,Ransomware,Critical,Workstation-08,4,CVE-2024-40711,9.8,False,No prior ransomware history,T1486,Data Encrypted for Impact,2024-11-26 00:09:00,1. Disconnect host from network IMMEDIATELY | 2. Snapshot VMs before shutdown | 3. Activate IR playbook | 4. Preserve forensic evidence
232,Ransomware,Critical,MailServer-05,7,None,0.0,True,Ransomware family previously seen in sector,T1486,Data Encrypted for Impact,2024-11-04 17:02:00,1. Disconnect host from network IMMEDIATELY | 2. Snapshot VMs before shutdown | 3. Activate IR playbook | 4. Preserve forensic evidence
233,DataExfiltration,High,WebServer-03,7,CVE-2024-30103,8.8,True,Unusual outbound traffic spike last week,T1041,Exfiltration Over C2 Channel,2024-11-28 12:01:00,1. Block destination IP at perimeter | 2. Capture full network traffic | 3. Identify scope of exfiltrated data | 4. Engage legal team
234,Ransomware,High,WebServer-03,7,CVE-2024-26169,7.0,True,Ransomware family previously seen in sector,T1486,Data Encrypted for Impact,2024-11-30 11:25:00,1. Disconnect host from network IMMEDIATELY | 2. Snapshot VMs before shutdown | 3. Activate IR playbook | 4. Preserve forensic evidence
235,Malware,High,DomainController-01,10,CVE-2024-30051,7.8,True,Similar incident 2 months ago on same subnet,T1059,Command and Scripting Interpreter,2024-11-09 22:21:00,1. Isolate the affected endpoint | 2. Run EDR scan and memory dump | 3. Check SIEM for lateral movement | 4. Review process execution logs (T1059)
236,BruteForce,High,MailServer-05,7,None,0.0,False,Isolated failed login,T1110,Brute Force,2024-11-17 01:32:00,1. Enable account lockout immediately | 2. Block source IP | 3. Enforce MFA | 4. Review VPN/RDP logs for past 24h
237,BruteForce,Critical,Workstation-07,4,CVE-2024-49563,7.3,False,Isolated failed login,T1110,Brute Force,2024-11-05 09:03:00,1. Enable account lockout immediately | 2. Block source IP | 3. Enforce MFA | 4. Review VPN/RDP logs for past 24h
238,BruteForce,High,AppServer-06,6,CVE-2024-38077,9.8,True,Repeated failed logins from same IP over 48h,T1110,Brute Force,2024-11-15 05:59:00,1. Enable account lockout immediately | 2. Block source IP | 3. Enforce MFA | 4. Review VPN/RDP logs for past 24h
239,BruteForce,High,DatabaseServer-04,9,None,0.0,True,Repeated failed logins from same IP over 48h,T1110,Brute Force,2024-11-14 09:31:00,1. Enable account lockout immediately | 2. Block source IP | 3. Enforce MFA | 4. Review VPN/RDP logs for past 24h
240,Phishing,Medium,Workstation-07,4,None,0.0,False,First occurrence,T1566,Phishing,2024-11-16 07:03:00,1. Block sender domain at mail gateway | 2. Notify impacted users | 3. Search mailboxes for similar messages | 4. Reset credentials if link was clicked
241,BruteForce,Low,Workstation-07,4,None,0.0,True,Repeated failed logins from same IP over 48h,T1110,Brute Force,2024-11-19 15:08:00,1. Enable account lockout immediately | 2. Block source IP | 3. Enforce MFA | 4. Review VPN/RDP logs for past 24h
242,DataExfiltration,Critical,AppServer-06,6,None,0.0,False,No prior exfiltration events,T1041,Exfiltration Over C2 Channel,2024-11-25 05:12:00,1. Block destination IP at perimeter | 2. Capture full network traffic | 3. Identify scope of exfiltrated data | 4. Engage legal team
243,BruteForce,High,AppServer-06,6,None,0.0,True,Repeated failed logins from same IP over 48h,T1110,Brute Force,2024-11-27 20:43:00,1. Enable account lockout immediately | 2. Block source IP | 3. Enforce MFA | 4. Review VPN/RDP logs for past 24h
244,Malware,High,DomainController-01,10,None,0.0,True,Similar incident 2 months ago on same subnet,T1059,Command and Scripting Interpreter,2024-11-25 01:23:00,1. Isolate the affected endpoint | 2. Run EDR scan and memory dump | 3. Check SIEM for lateral movement | 4. Review process execution logs (T1059)
245,Malware,High,Workstation-08,4,None,0.0,False,No prior incidents,T1059,Command and Scripting Interpreter,2024-11-07 02:45:00,1. Isolate the affected endpoint | 2. Run EDR scan and memory dump | 3. Check SIEM for lateral movement | 4. Review process execution logs (T1059)
246,BruteForce,Critical,Workstation-07,4,CVE-2024-38077,9.8,True,Repeated failed logins from same IP over 48h,T1110,Brute Force,2024-11-15 05:59:00,1. Enable account lockout immediately | 2. Block source IP | 3. Enforce MFA | 4. Review VPN/RDP logs for past 24h
247,Malware,High,WebServer-03,7,None,0.0,True,Similar incident 2 months ago on same subnet,T1059,Command and Scripting Interpreter,2024-11-23 23:31:00,1. Isolate the affected endpoint | 2. Run EDR scan and memory dump | 3. Check SIEM for lateral movement | 4. Review process execution logs (T1059)
248,BruteForce,High,DomainController-01,10,None,0.0,False,Isolated failed login,T1110,Brute Force,2024-11-19 00:37:00,1. Enable account lockout immediately | 2. Block source IP | 3. Enforce MFA | 4. Review VPN/RDP logs for past 24h
249,Phishing,High,DomainController-01,10,None,0.0,True,Similar phishing attempt observed yesterday,T1566,Phishing,2024-11-25 22:36:00,1. Block sender domain at mail gateway | 2. Notify impacted users | 3. Search mailboxes for similar messages | 4. Reset credentials if link was clicked
250,Malware,High,Workstation-07,4,CVE-2024-30051,7.8,True,Similar incident 2 months ago on same subnet,T1059,Command and Scripting Interpreter,2024-11-17 11:09:00,1. Isolate the affected endpoint | 2. Run EDR scan and memory dump | 3. Check SIEM for lateral movement | 4. Review process execution logs (T1059)
251,Malware,Critical,DomainController-01,10,CVE-2024-30051,7.8,False,No prior incidents,T1059,Command and Scripting Interpreter,2024-11-07 17:26:00,1. Isolate the affected endpoint | 2. Run EDR scan and memory dump | 3. Check SIEM for lateral movement | 4. Review process execution logs (T1059)
252,BruteForce,High,Workstation-07,4,CVE-2024-49563,7.3,True,Repeated failed logins from same IP over 48h,T1110,Brute Force,2024-11-25 04:20:00,1. Enable account lockout immediately | 2. Block source IP | 3. Enforce MFA | 4. Review VPN/RDP logs for past 24h
253,BruteForce,High,AppServer-06,6,None,0.0,True,Repeated failed logins from same IP over 48h,T1110,Brute Force,2024-11-23 23:21:00,1. Enable account lockout immediately | 2. Block source IP | 3. Enforce MFA | 4. Review VPN/RDP logs for past 24h
254,Ransomware,High,WebServer-03,7,None,0.0,True,Ransomware family previously seen in sector,T1486,Data Encrypted for Impact,2024-11-13 03:35:00,1. Disconnect host from network IMMEDIATELY | 2. Snapshot VMs before shutdown | 3. Activate IR playbook | 4. Preserve forensic evidence
255,Phishing,High,WebServer-03,7,None,0.0,True,Similar phishing attempt observed yesterday,T1566,Phishing,2024-11-22 02:20:00,1. Block sender domain at mail gateway | 2. Notify impacted users | 3. Search mailboxes for similar messages | 4. Reset credentials if link was clicked
256,Ransomware,Critical,WebServer-03,7,CVE-2024-26169,7.0,True,Ransomware family previously seen in sector,T1486,Data Encrypted for Impact,2024-11-17 10:57:00,1. Disconnect host from network IMMEDIATELY | 2. Snapshot VMs before shutdown | 3. Activate IR playbook | 4. Preserve forensic evidence
257,DataExfiltration,Critical,DatabaseServer-04,9,None,0.0,True,Unusual outbound traffic spike last week,T1041,Exfiltration Over C2 Channel,2024-11-04 14:22:00,1. Block destination IP at perimeter | 2. Capture full network traffic | 3. Identify scope of exfiltrated data | 4. Engage legal team
258,Ransomware,Critical,Workstation-07,4,CVE-2024-37085,7.2,True,Ransomware family previously seen in sector,T1486,Data Encrypted for Impact,2024-11-25 05:44:00,1. Disconnect host from network IMMEDIATELY | 2. Snapshot VMs before shutdown | 3. Activate IR playbook | 4. Preserve forensic evidence
259,Malware,Critical,FileServer-02,8,CVE-2024-30051,7.8,True,Similar incident 2 months ago on same subnet,T1059,Command and Scripting Interpreter,2024-11-10 21:40:00,1. Isolate the affected endpoint | 2. Run EDR scan and memory dump | 3. Check SIEM for lateral movement | 4. Review process execution logs (T1059)
260,Malware,Critical,MailServer-05,7,None,0.0,True,Similar incident 2 months ago on same subnet,T1059,Command and Scripting Interpreter,2024-11-01 11:35:00,1. Isolate the affected endpoint | 2. Run EDR scan and memory dump | 3. Check SIEM for lateral movement | 4. Review process execution logs (T1059)
261,Malware,High,Workstation-07,4,None,0.0,True,Similar incident 2 months ago on same subnet,T1059,Command and Scripting Interpreter,2024-11-13 12:20:00,1. Isolate the affected endpoint | 2. Run EDR scan and memory dump | 3. Check SIEM for lateral movement | 4. Review process execution logs (T1059)
262,Malware,Critical,DomainController-01,10,None,0.0,True,Similar incident 2 months ago on same subnet,T1059,Command and Scripting Interpreter,2024-11-02 20:58:00,1. Isolate the affected endpoint | 2. Run EDR scan and memory dump | 3. Check SIEM for lateral movement | 4. Review process execution logs (T1059)
263,BruteForce,High,DatabaseServer-04,9,CVE-2024-49563,7.3,False,Isolated failed login,T1110,Brute Force,2024-11-22 09:11:00,1. Enable account lockout immediately | 2. Block source IP | 3. Enforce MFA | 4. Review VPN/RDP logs for past 24h
264,Phishing,Critical,WebServer-03,7,CVE-2024-20656,7.8,True,Similar phishing attempt observed yesterday,T1566,Phishing,2024-11-05 19:59:00,1. Block sender domain at mail gateway | 2. Notify impacted users | 3. Search mailboxes for similar messages | 4. Reset credentials if link was clicked
265,BruteForce,High,Workstation-08,4,None,0.0,True,Repeated failed logins from same IP over 48h,T1110,Brute Force,2024-11-22 18:29:00,1. Enable account lockout immediately | 2. Block source IP | 3. Enforce MFA | 4. Review VPN/RDP logs for past 24h
266,DataExfiltration,High,MailServer-05,7,CVE-2024-30103,8.8,True,Unusual outbound traffic spike last week,T1041,Exfiltration Over C2 Channel,2024-11-09 04:00:00,1. Block destination IP at perimeter | 2. Capture full network traffic | 3. Identify scope of exfiltrated data | 4. Engage legal team
267,DataExfiltration,Critical,FileServer-02,8,CVE-2024-30103,8.8,True,Unusual outbound traffic spike last week,T1041,Exfiltration Over C2 Channel,2024-11-18 13:52:00,1. Block destination IP at perimeter | 2. Capture full network traffic | 3. Identify scope of exfiltrated data | 4. Engage legal team
268,BruteForce,Critical,AppServer-06,6,CVE-2024-49563,7.3,False,Isolated failed login,T1110,Brute Force,2024-11-15 01:59:00,1. Enable account lockout immediately | 2. Block source IP | 3. Enforce MFA | 4. Review VPN/RDP logs for past 24h
269,BruteForce,High,FileServer-02,8,None,0.0,True,Repeated failed logins from same IP over 48h,T1110,Brute Force,2024-11-14 03:37:00,1. Enable account lockout immediately | 2. Block source IP | 3. Enforce MFA | 4. Review VPN/RDP logs for past 24h
270,Malware,Critical,MailServer-05,7,CVE-2024-30051,7.8,False,No prior incidents,T1059,Command and Scripting Interpreter,2024-11-14 08:10:00,1. Isolate the affected endpoint | 2. Run EDR scan and memory dump | 3. Check SIEM for lateral movement | 4. Review process execution logs (T1059)
271,BruteForce,High,WebServer-03,7,CVE-2024-49563,7.3,True,Repeated failed logins from same IP over 48h,T1110,Brute Force,2024-11-16 22:39:00,1. Enable account lockout immediately | 2. Block source IP | 3. Enforce MFA | 4. Review VPN/RDP logs for past 24h
272,Phishing,Critical,Workstation-07,4,CVE-2023-36884,8.8,True,Similar phishing attempt observed yesterday,T1566,Phishing,2024-11-17 04:26:00,1. Block sender domain at mail gateway | 2. Notify impacted users | 3. Search mailboxes for similar messages | 4. Reset credentials if link was clicked
273,Phishing,High,Workstation-08,4,CVE-2023-36884,8.8,True,Similar phishing attempt observed yesterday,T1566,Phishing,2024-11-26 16:55:00,1. Block sender domain at mail gateway | 2. Notify impacted users | 3. Search mailboxes for similar messages | 4. Reset credentials if link was clicked
274,BruteForce,Critical,Workstation-08,4,None,0.0,True,Repeated failed logins from same IP over 48h,T1110,Brute Force,2024-11-03 21:53:00,1. Enable account lockout immediately | 2. Block source IP | 3. Enforce MFA | 4. Review VPN/RDP logs for past 24h
275,BruteForce,Critical,Workstation-08,4,CVE-2024-38077,9.8,True,Repeated failed logins from same IP over 48h,T1110,Brute Force,2024-11-20 02:07:00,1. Enable account lockout immediately | 2. Block source IP | 3. Enforce MFA | 4. Review VPN/RDP logs for past 24h
276,Ransomware,High,Workstation-07,4,CVE-2024-40711,9.8,True,Ransomware family previously seen in sector,T1486,Data Encrypted for Impact,2024-11-03 14:29:00,1. Disconnect host from network IMMEDIATELY | 2. Snapshot VMs before shutdown | 3. Activate IR playbook | 4. Preserve forensic evidence
277,BruteForce,High,DomainController-01,10,None,0.0,True,Repeated failed logins from same IP over 48h,T1110,Brute Force,2024-11-02 04:25:00,1. Enable account lockout immediately | 2. Block source IP | 3. Enforce MFA | 4. Review VPN/RDP logs for past 24h
278,Malware,Critical,FileServer-02,8,None,0.0,True,Similar incident 2 months ago on same subnet,T1059,Command and Scripting Interpreter,2024-12-01 03:04:00,1. Isolate the affected endpoint | 2. Run EDR scan and memory dump | 3. Check SIEM for lateral movement | 4. Review process execution logs (T1059)
279,Malware,Critical,DomainController-01,10,None,0.0,True,Similar incident 2 months ago on same subnet,T1059,Command and Scripting Interpreter,2024-11-07 00:49:00,1. Isolate the affected endpoint | 2. Run EDR scan and memory dump | 3. Check SIEM for lateral movement | 4. Review process execution logs (T1059)
280,DataExfiltration,High,AppServer-06,6,None,0.0,False,No prior exfiltration events,T1041,Exfiltration Over C2 Channel,2024-11-17 08:24:00,1. Block destination IP at perimeter | 2. Capture full network traffic | 3. Identify scope of exfiltrated data | 4. Engage legal team
281,Phishing,Low,Workstation-08,4,None,0.0,False,First occurrence,T1566,Phishing,2024-11-24 04:25:00,1. Block sender domain at mail gateway | 2. Notify impacted users | 3. Search mailboxes for similar messages | 4. Reset credentials if link was clicked
282,DataExfiltration,High,FileServer-02,8,CVE-2024-21338,7.8,True,Unusual outbound traffic spike last week,T1041,Exfiltration Over C2 Channel,2024-11-21 00:43:00,1. Block destination IP at perimeter | 2. Capture full network traffic | 3. Identify scope of exfiltrated data | 4. Engage legal team
283,BruteForce,Critical,AppServer-06,6,CVE-2024-38077,9.8,False,Isolated failed login,T1110,Brute Force,2024-11-13 00:12:00,1. Enable account lockout immediately | 2. Block source IP | 3. Enforce MFA | 4. Review VPN/RDP logs for past 24h
284,DataExfiltration,High,DomainController-01,10,CVE-2024-21338,7.8,True,Unusual outbound traffic spike last week,T1041,Exfiltration Over C2 Channel,2024-11-01 22:15:00,1. Block destination IP at perimeter | 2. Capture full network traffic | 3. Identify scope of exfiltrated data | 4. Engage legal team
285,Malware,High,DomainController-01,10,None,0.0,True,Similar incident 2 months ago on same subnet,T1059,Command and Scripting Interpreter,2024-11-03 07:15:00,1. Isolate the affected endpoint | 2. Run EDR scan and memory dump | 3. Check SIEM for lateral movement | 4. Review process execution logs (T1059)
286,BruteForce,Critical,FileServer-02,8,None,0.0,True,Repeated failed logins from same IP over 48h,T1110,Brute Force,2024-11-03 15:08:00,1. Enable account lockout immediately | 2. Block source IP | 3. Enforce MFA | 4. Review VPN/RDP logs for past 24h
287,BruteForce,High,MailServer-05,7,None,0.0,True,Repeated failed logins from same IP over 48h,T1110,Brute Force,2024-11-14 22:15:00,1. Enable account lockout immediately | 2. Block source IP | 3. Enforce MFA | 4. Review VPN/RDP logs for past 24h
288,Malware,High,Workstation-08,4,CVE-2024-30051,7.8,False,No prior incidents,T1059,Command and Scripting Interpreter,2024-11-25 00:37:00,1. Isolate the affected endpoint | 2. Run EDR scan and memory dump | 3. Check SIEM for lateral movement | 4. Review process execution logs (T1059)
289,Phishing,High,AppServer-06,6,None,0.0,True,Similar phishing attempt observed yesterday,T1566,Phishing,2024-11-28 16:42:00,1. Block sender domain at mail gateway | 2. Notify impacted users | 3. Search mailboxes for similar messages | 4. Reset credentials if link was clicked
290,BruteForce,Critical,AppServer-06,6,None,0.0,False,Isolated failed login,T1110,Brute Force,2024-11-24 04:30:00,1. Enable account lockout immediately | 2. Block source IP | 3. Enforce MFA | 4. Review VPN/RDP logs for past 24h
291,Malware,High,DatabaseServer-04,9,None,0.0,True,Similar incident 2 months ago on same subnet,T1059,Command and Scripting Interpreter,2024-11-19 00:35:00,1. Isolate the affected endpoint | 2. Run EDR scan and memory dump | 3. Check SIEM for lateral movement | 4. Review process execution logs (T1059)
292,BruteForce,Critical,WebServer-03,7,CVE-2024-38077,9.8,False,Isolated failed login,T1110,Brute Force,2024-11-20 10:54:00,1. Enable account lockout immediately | 2. Block source IP | 3. Enforce MFA | 4. Review VPN/RDP logs for past 24h
293,BruteForce,Critical,FileServer-02,8,CVE-2024-49563,7.3,True,Repeated failed logins from same IP over 48h,T1110,Brute Force,2024-11-26 23:02:00,1. Enable account lockout immediately | 2. Block source IP | 3. Enforce MFA | 4. Review VPN/RDP logs for past 24h
294,Malware,High,Workstation-08,4,CVE-2024-30051,7.8,True,Similar incident 2 months ago on same subnet,T1059,Command and Scripting Interpreter,2024-11-15 10:19:00,1. Isolate the affected endpoint | 2. Run EDR scan and memory dump | 3. Check SIEM for lateral movement | 4. Review process execution logs (T1059)
295,Malware,High,FileServer-02,8,CVE-2024-21412,9.8,True,Similar incident 2 months ago on same subnet,T1059,Command and Scripting Interpreter,2024-11-11 14:44:00,1. Isolate the affected endpoint | 2. Run EDR scan and memory dump | 3. Check SIEM for lateral movement | 4. Review process execution logs (T1059)
296,Malware,High,FileServer-02,8,None,0.0,False,No prior incidents,T1059,Command and Scripting Interpreter,2024-11-21 03:34:00,1. Isolate the affected endpoint | 2. Run EDR scan and memory dump | 3. Check SIEM for lateral movement | 4. Review process execution logs (T1059)
297,BruteForce,High,MailServer-05,7,None,0.0,True,Repeated failed logins from same IP over 48h,T1110,Brute Force,2024-11-21 06:48:00,1. Enable account lockout immediately | 2. Block source IP | 3. Enforce MFA | 4. Review VPN/RDP logs for past 24h
298,Phishing,High,MailServer-05,7,None,0.0,True,Similar phishing attempt observed yesterday,T1566,Phishing,2024-11-10 16:47:00,1. Block sender domain at mail gateway | 2. Notify impacted users | 3. Search mailboxes for similar messages | 4. Reset credentials if link was clicked
299,BruteForce,Critical,AppServer-06,6,None,0.0,False,Isolated failed login,T1110,Brute Force,2024-11-17 10:36:00,1. Enable account lockout immediately | 2. Block source IP | 3. Enforce MFA | 4. Review VPN/RDP logs for past 24h
300,BruteForce,High,MailServer-05,7,None,0.0,True,Repeated failed logins from same IP over 48h,T1110,Brute Force,2024-11-28 15:47:00,1. Enable account lockout immediately | 2. Block source IP | 3. Enforce MFA | 4. Review VPN/RDP logs for past 24h
301,Malware,Critical,MailServer-05,7,CVE-2024-30051,7.8,True,Similar incident 2 months ago on same subnet,T1059,Command and Scripting Interpreter,2024-11-09 02:58:00,1. Isolate the affected endpoint | 2. Run EDR scan and memory dump | 3. Check SIEM for lateral movement | 4. Review process execution logs (T1059)
302,Phishing,Critical,DomainController-01,10,None,0.0,True,Similar phishing attempt observed yesterday,T1566,Phishing,2024-11-29 18:03:00,1. Block sender domain at mail gateway | 2. Notify impacted users | 3. Search mailboxes for similar messages | 4. Reset credentials if link was clicked
303,BruteForce,High,FileServer-02,8,CVE-2024-49563,7.3,False,Isolated failed login,T1110,Brute Force,2024-11-22 19:29:00,1. Enable account lockout immediately | 2. Block source IP | 3. Enforce MFA | 4. Review VPN/RDP logs for past 24h
304,Ransomware,Critical,Workstation-07,4,None,0.0,True,Ransomware family previously seen in sector,T1486,Data Encrypted for Impact,2024-11-18 19:00:00,1. Disconnect host from network IMMEDIATELY | 2. Snapshot VMs before shutdown | 3. Activate IR playbook | 4. Preserve forensic evidence
305,Ransomware,Medium,Workstation-07,4,None,0.0,True,Ransomware family previously seen in sector,T1486,Data Encrypted for Impact,2024-12-01 00:43:00,1. Disconnect host from network IMMEDIATELY | 2. Snapshot VMs before shutdown | 3. Activate IR playbook | 4. Preserve forensic evidence
306,Phishing,High,DatabaseServer-04,9,CVE-2024-20656,7.8,True,Similar phishing attempt observed yesterday,T1566,Phishing,2024-11-11 12:12:00,1. Block sender domain at mail gateway | 2. Notify impacted users | 3. Search mailboxes for similar messages | 4. Reset credentials if link was clicked
307,BruteForce,High,MailServer-05,7,None,0.0,False,Isolated failed login,T1110,Brute Force,2024-11-18 13:29:00,1. Enable account lockout immediately | 2. Block source IP | 3. Enforce MFA | 4. Review VPN/RDP logs for past 24h
308,Phishing,High,FileServer-02,8,None,0.0,True,Similar phishing attempt observed yesterday,T1566,Phishing,2024-11-29 03:54:00,1. Block sender domain at mail gateway | 2. Notify impacted users | 3. Search mailboxes for similar messages | 4. Reset credentials if link was clicked
309,Malware,High,AppServer-06,6,None,0.0,True,Similar incident 2 months ago on same subnet,T1059,Command and Scripting Interpreter,2024-11-28 10:00:00,1. Isolate the affected endpoint | 2. Run EDR scan and memory dump | 3. Check SIEM for lateral movement | 4. Review process execution logs (T1059)
310,Malware,Critical,AppServer-06,6,CVE-2024-38112,8.8,True,Similar incident 2 months ago on same subnet,T1059,Command and Scripting Interpreter,2024-11-05 07:57:00,1. Isolate the affected endpoint | 2. Run EDR scan and memory dump | 3. Check SIEM for lateral movement | 4. Review process execution logs (T1059)
311,Malware,High,FileServer-02,8,None,0.0,False,No prior incidents,T1059,Command and Scripting Interpreter,2024-11-04 10:43:00,1. Isolate the affected endpoint | 2. Run EDR scan and memory dump | 3. Check SIEM for lateral movement | 4. Review process execution logs (T1059)
312,Phishing,High,DomainController-01,10,CVE-2023-36884,8.8,False,First occurrence,T1566,Phishing,2024-11-10 02:37:00,1. Block sender domain at mail gateway | 2. Notify impacted users | 3. Search mailboxes for similar messages | 4. Reset credentials if link was clicked
313,DataExfiltration,Critical,AppServer-06,6,CVE-2024-21338,7.8,True,Unusual outbound traffic spike last week,T1041,Exfiltration Over C2 Channel,2024-11-25 10:53:00,1. Block destination IP at perimeter | 2. Capture full network traffic | 3. Identify scope of exfiltrated data | 4. Engage legal team
314,Ransomware,Critical,Workstation-08,4,CVE-2024-26169,7.0,True,Ransomware family previously seen in sector,T1486,Data Encrypted for Impact,2024-11-30 15:46:00,1. Disconnect host from network IMMEDIATELY | 2. Snapshot VMs before shutdown | 3. Activate IR playbook | 4. Preserve forensic evidence
315,DataExfiltration,Low,Workstation-08,4,None,0.0,False,No prior exfiltration events,T1041,Exfiltration Over C2 Channel,2024-11-04 11:21:00,1. Block destination IP at perimeter | 2. Capture full network traffic | 3. Identify scope of exfiltrated data | 4. Engage legal team
316,Ransomware,Critical,AppServer-06,6,CVE-2024-26169,7.0,False,No prior ransomware history,T1486,Data Encrypted for Impact,2024-11-20 11:31:00,1. Disconnect host from network IMMEDIATELY | 2. Snapshot VMs before shutdown | 3. Activate IR playbook | 4. Preserve forensic evidence
317,BruteForce,Critical,AppServer-06,6,None,0.0,True,Repeated failed logins from same IP over 48h,T1110,Brute Force,2024-11-17 11:05:00,1. Enable account lockout immediately | 2. Block source IP | 3. Enforce MFA | 4. Review VPN/RDP logs for past 24h
318,BruteForce,Critical,FileServer-02,8,CVE-2024-49563,7.3,False,Isolated failed login,T1110,Brute Force,2024-11-28 07:09:00,1. Enable account lockout immediately | 2. Block source IP | 3. Enforce MFA | 4. Review VPN/RDP logs for past 24h
319,BruteForce,Critical,DomainController-01,10,CVE-2024-49563,7.3,False,Isolated failed login,T1110,Brute Force,2024-11-16 14:48:00,1. Enable account lockout immediately | 2. Block source IP | 3. Enforce MFA | 4. Review VPN/RDP logs for past 24h
320,Malware,High,DatabaseServer-04,9,None,0.0,True,Similar incident 2 months ago on same subnet,T1059,Command and Scripting Interpreter,2024-11-18 15:06:00,1. Isolate the affected endpoint | 2. Run EDR scan and memory dump | 3. Check SIEM for lateral movement | 4. Review process execution logs (T1059)
321,BruteForce,Medium,Workstation-08,4,None,0.0,True,Repeated failed logins from same IP over 48h,T1110,Brute Force,2024-11-01 18:18:00,1. Enable account lockout immediately | 2. Block source IP | 3. Enforce MFA | 4. Review VPN/RDP logs for past 24h
322,DataExfiltration,Critical,Workstation-08,4,CVE-2024-30103,8.8,False,No prior exfiltration events,T1041,Exfiltration Over C2 Channel,2024-11-17 11:10:00,1. Block destination IP at perimeter | 2. Capture full network traffic | 3. Identify scope of exfiltrated data | 4. Engage legal team
323,BruteForce,Critical,Workstation-07,4,CVE-2024-38077,9.8,True,Repeated failed logins from same IP over 48h,T1110,Brute Force,2024-11-19 05:19:00,1. Enable account lockout immediately | 2. Block source IP | 3. Enforce MFA | 4. Review VPN/RDP logs for past 24h
324,Malware,High,WebServer-03,7,CVE-2024-30051,7.8,True,Similar incident 2 months ago on same subnet,T1059,Command and Scripting Interpreter,2024-11-27 13:12:00,1. Isolate the affected endpoint | 2. Run EDR scan and memory dump | 3. Check SIEM for lateral movement | 4. Review process execution logs (T1059)
325,Malware,High,DomainController-01,10,None,0.0,True,Similar incident 2 months ago on same subnet,T1059,Command and Scripting Interpreter,2024-11-15 07:28:00,1. Isolate the affected endpoint | 2. Run EDR scan and memory dump | 3. Check SIEM for lateral movement | 4. Review process execution logs (T1059)
326,DataExfiltration,High,DatabaseServer-04,9,None,0.0,True,Unusual outbound traffic spike last week,T1041,Exfiltration Over C2 Channel,2024-11-09 19:30:00,1. Block destination IP at perimeter | 2. Capture full network traffic | 3. Identify scope of exfiltrated data | 4. Engage legal team
327,Phishing,High,MailServer-05,7,None,0.0,True,Similar phishing attempt observed yesterday,T1566,Phishing,2024-11-25 19:50:00,1. Block sender domain at mail gateway | 2. Notify impacted users | 3. Search mailboxes for similar messages | 4. Reset credentials if link was clicked
328,BruteForce,Critical,AppServer-06,6,None,0.0,True,Repeated failed logins from same IP over 48h,T1110,Brute Force,2024-11-26 12:34:00,1. Enable account lockout immediately | 2. Block source IP | 3. Enforce MFA | 4. Review VPN/RDP logs for past 24h
329,DataExfiltration,High,DomainController-01,10,None,0.0,False,No prior exfiltration events,T1041,Exfiltration Over C2 Channel,2024-11-13 16:53:00,1. Block destination IP at perimeter | 2. Capture full network traffic | 3. Identify scope of exfiltrated data | 4. Engage legal team
330,DataExfiltration,Critical,AppServer-06,6,None,0.0,False,No prior exfiltration events,T1041,Exfiltration Over C2 Channel,2024-11-12 00:42:00,1. Block destination IP at perimeter | 2. Capture full network traffic | 3. Identify scope of exfiltrated data | 4. Engage legal team
331,BruteForce,High,AppServer-06,6,CVE-2024-49563,7.3,True,Repeated failed logins from same IP over 48h,T1110,Brute Force,2024-11-26 02:25:00,1. Enable account lockout immediately | 2. Block source IP | 3. Enforce MFA | 4. Review VPN/RDP logs for past 24h
332,Phishing,Critical,AppServer-06,6,None,0.0,True,Similar phishing attempt observed yesterday,T1566,Phishing,2024-12-01 04:57:00,1. Block sender domain at mail gateway | 2. Notify impacted users | 3. Search mailboxes for similar messages | 4. Reset credentials if link was clicked
333,Ransomware,High,DomainController-01,10,CVE-2024-40711,9.8,True,Ransomware family previously seen in sector,T1486,Data Encrypted for Impact,2024-11-16 09:10:00,1. Disconnect host from network IMMEDIATELY | 2. Snapshot VMs before shutdown | 3. Activate IR playbook | 4. Preserve forensic evidence
334,Malware,High,AppServer-06,6,CVE-2024-38112,8.8,True,Similar incident 2 months ago on same subnet,T1059,Command and Scripting Interpreter,2024-11-01 16:06:00,1. Isolate the affected endpoint | 2. Run EDR scan and memory dump | 3. Check SIEM for lateral movement | 4. Review process execution logs (T1059)
335,BruteForce,High,Workstation-08,4,None,0.0,True,Repeated failed logins from same IP over 48h,T1110,Brute Force,2024-11-20 06:23:00,1. Enable account lockout immediately | 2. Block source IP | 3. Enforce MFA | 4. Review VPN/RDP logs for past 24h
336,DataExfiltration,Critical,Workstation-08,4,CVE-2024-30103,8.8,False,No prior exfiltration events,T1041,Exfiltration Over C2 Channel,2024-11-05 17:18:00,1. Block destination IP at perimeter | 2. Capture full network traffic | 3. Identify scope of exfiltrated data | 4. Engage legal team
337,Phishing,Critical,DomainController-01,10,CVE-2023-36884,8.8,False,First occurrence,T1566,Phishing,2024-11-10 01:33:00,1. Block sender domain at mail gateway | 2. Notify impacted users | 3. Search mailboxes for similar messages | 4. Reset credentials if link was clicked
338,BruteForce,High,Workstation-07,4,None,0.0,False,Isolated failed login,T1110,Brute Force,2024-11-06 03:01:00,1. Enable account lockout immediately | 2. Block source IP | 3. Enforce MFA | 4. Review VPN/RDP logs for past 24h
339,Ransomware,High,DatabaseServer-04,9,CVE-2024-37085,7.2,True,Ransomware family previously seen in sector,T1486,Data Encrypted for Impact,2024-11-15 08:35:00,1. Disconnect host from network IMMEDIATELY | 2. Snapshot VMs before shutdown | 3. Activate IR playbook | 4. Preserve forensic evidence
340,BruteForce,Critical,AppServer-06,6,CVE-2024-38077,9.8,True,Repeated failed logins from same IP over 48h,T1110,Brute Force,2024-11-18 03:01:00,1. Enable account lockout immediately | 2. Block source IP | 3. Enforce MFA | 4. Review VPN/RDP logs for past 24h
341,DataExfiltration,High,Workstation-07,4,None,0.0,False,No prior exfiltration events,T1041,Exfiltration Over C2 Channel,2024-11-10 09:13:00,1. Block destination IP at perimeter | 2. Capture full network traffic | 3. Identify scope of exfiltrated data | 4. Engage legal team
342,Ransomware,Critical,DomainController-01,10,None,0.0,True,Ransomware family previously seen in sector,T1486,Data Encrypted for Impact,2024-11-09 05:23:00,1. Disconnect host from network IMMEDIATELY | 2. Snapshot VMs before shutdown | 3. Activate IR playbook | 4. Preserve forensic evidence
343,BruteForce,High,WebServer-03,7,None,0.0,True,Repeated failed logins from same IP over 48h,T1110,Brute Force,2024-11-26 17:24:00,1. Enable account lockout immediately | 2. Block source IP | 3. Enforce MFA | 4. Review VPN/RDP logs for past 24h
344,Ransomware,High,MailServer-05,7,CVE-2024-26169,7.0,True,Ransomware family previously seen in sector,T1486,Data Encrypted for Impact,2024-11-29 23:45:00,1. Disconnect host from network IMMEDIATELY | 2. Snapshot VMs before shutdown | 3. Activate IR playbook | 4. Preserve forensic evidence
345,Phishing,Critical,DomainController-01,10,CVE-2023-36884,8.8,False,First occurrence,T1566,Phishing,2024-11-06 05:11:00,1. Block sender domain at mail gateway | 2. Notify impacted users | 3. Search mailboxes for similar messages | 4. Reset credentials if link was clicked
346,Malware,High,AppServer-06,6,None,0.0,True,Similar incident 2 months ago on same subnet,T1059,Command and Scripting Interpreter,2024-11-19 07:11:00,1. Isolate the affected endpoint | 2. Run EDR scan and memory dump | 3. Check SIEM for lateral movement | 4. Review process execution logs (T1059)
347,BruteForce,Critical,DatabaseServer-04,9,None,0.0,False,Isolated failed login,T1110,Brute Force,2024-11-09 05:20:00,1. Enable account lockout immediately | 2. Block source IP | 3. Enforce MFA | 4. Review VPN/RDP logs for past 24h
348,Ransomware,Critical,MailServer-05,7,CVE-2024-40711,9.8,False,No prior ransomware history,T1486,Data Encrypted for Impact,2024-11-17 15:35:00,1. Disconnect host from network IMMEDIATELY | 2. Snapshot VMs before shutdown | 3. Activate IR playbook | 4. Preserve forensic evidence
349,BruteForce,High,Workstation-07,4,None,0.0,True,Repeated failed logins from same IP over 48h,T1110,Brute Force,2024-11-08 09:05:00,1. Enable account lockout immediately | 2. Block source IP | 3. Enforce MFA | 4. Review VPN/RDP logs for past 24h
350,DataExfiltration,Critical,FileServer-02,8,None,0.0,False,No prior exfiltration events,T1041,Exfiltration Over C2 Channel,2024-11-13 13:10:00,1. Block destination IP at perimeter | 2. Capture full network traffic | 3. Identify scope of exfiltrated data | 4. Engage legal team
351,Ransomware,High,Workstation-07,4,None,0.0,True,Ransomware family previously seen in sector,T1486,Data Encrypted for Impact,2024-11-12 16:49:00,1. Disconnect host from network IMMEDIATELY | 2. Snapshot VMs before shutdown | 3. Activate IR playbook | 4. Preserve forensic evidence
352,Phishing,High,Workstation-08,4,CVE-2024-20656,7.8,True,Similar phishing attempt observed yesterday,T1566,Phishing,2024-11-10 13:27:00,1. Block sender domain at mail gateway | 2. Notify impacted users | 3. Search mailboxes for similar messages | 4. Reset credentials if link was clicked
353,DataExfiltration,High,FileServer-02,8,None,0.0,False,No prior exfiltration events,T1041,Exfiltration Over C2 Channel,2024-11-12 11:22:00,1. Block destination IP at perimeter | 2. Capture full network traffic | 3. Identify scope of exfiltrated data | 4. Engage legal team
354,Malware,Critical,DomainController-01,10,CVE-2024-30051,7.8,True,Similar incident 2 months ago on same subnet,T1059,Command and Scripting Interpreter,2024-11-30 15:22:00,1. Isolate the affected endpoint | 2. Run EDR scan and memory dump | 3. Check SIEM for lateral movement | 4. Review process execution logs (T1059)
355,Ransomware,High,AppServer-06,6,CVE-2024-37085,7.2,True,Ransomware family previously seen in sector,T1486,Data Encrypted for Impact,2024-11-10 01:51:00,1. Disconnect host from network IMMEDIATELY | 2. Snapshot VMs before shutdown | 3. Activate IR playbook | 4. Preserve forensic evidence
356,BruteForce,Medium,Workstation-07,4,None,0.0,False,Isolated failed login,T1110,Brute Force,2024-12-01 06:18:00,1. Enable account lockout immediately | 2. Block source IP | 3. Enforce MFA | 4. Review VPN/RDP logs for past 24h
357,BruteForce,Critical,Workstation-08,4,CVE-2024-49563,7.3,True,Repeated failed logins from same IP over 48h,T1110,Brute Force,2024-11-18 19:58:00,1. Enable account lockout immediately | 2. Block source IP | 3. Enforce MFA | 4. Review VPN/RDP logs for past 24h
358,BruteForce,Medium,Workstation-07,4,None,0.0,False,Isolated failed login,T1110,Brute Force,2024-11-14 23:53:00,1. Enable account lockout immediately | 2. Block source IP | 3. Enforce MFA | 4. Review VPN/RDP logs for past 24h
359,DataExfiltration,Critical,AppServer-06,6,None,0.0,True,Unusual outbound traffic spike last week,T1041,Exfiltration Over C2 Channel,2024-11-28 00:26:00,1. Block destination IP at perimeter | 2. Capture full network traffic | 3. Identify scope of exfiltrated data | 4. Engage legal team
360,Malware,High,DomainController-01,10,None,0.0,False,No prior incidents,T1059,Command and Scripting Interpreter,2024-11-16 23:29:00,1. Isolate the affected endpoint | 2. Run EDR scan and memory dump | 3. Check SIEM for lateral movement | 4. Review process execution logs (T1059)
361,BruteForce,High,DomainController-01,10,CVE-2024-49563,7.3,True,Repeated failed logins from same IP over 48h,T1110,Brute Force,2024-11-29 14:44:00,1. Enable account lockout immediately | 2. Block source IP | 3. Enforce MFA | 4. Review VPN/RDP logs for past 24h
362,Malware,Critical,Workstation-08,4,None,0.0,True,Similar incident 2 months ago on same subnet,T1059,Command and Scripting Interpreter,2024-11-10 06:31:00,1. Isolate the affected endpoint | 2. Run EDR scan and memory dump | 3. Check SIEM for lateral movement | 4. Review process execution logs (T1059)
363,DataExfiltration,High,MailServer-05,7,None,0.0,True,Unusual outbound traffic spike last week,T1041,Exfiltration Over C2 Channel,2024-11-21 22:50:00,1. Block destination IP at perimeter | 2. Capture full network traffic | 3. Identify scope of exfiltrated data | 4. Engage legal team
364,Ransomware,Critical,DomainController-01,10,CVE-2024-40711,9.8,True,Ransomware family previously seen in sector,T1486,Data Encrypted for Impact,2024-11-20 20:01:00,1. Disconnect host from network IMMEDIATELY | 2. Snapshot VMs before shutdown | 3. Activate IR playbook | 4. Preserve forensic evidence
365,DataExfiltration,Critical,Workstation-07,4,None,0.0,True,Unusual outbound traffic spike last week,T1041,Exfiltration Over C2 Channel,2024-11-09 21:44:00,1. Block destination IP at perimeter | 2. Capture full network traffic | 3. Identify scope of exfiltrated data | 4. Engage legal team
366,DataExfiltration,High,WebServer-03,7,CVE-2024-30103,8.8,True,Unusual outbound traffic spike last week,T1041,Exfiltration Over C2 Channel,2024-11-05 05:41:00,1. Block destination IP at perimeter | 2. Capture full network traffic | 3. Identify scope of exfiltrated data | 4. Engage legal team
367,Malware,Critical,DatabaseServer-04,9,CVE-2024-21412,9.8,False,No prior incidents,T1059,Command and Scripting Interpreter,2024-12-01 02:48:00,1. Isolate the affected endpoint | 2. Run EDR scan and memory dump | 3. Check SIEM for lateral movement | 4. Review process execution logs (T1059)
368,Ransomware,Critical,DomainController-01,10,CVE-2024-40711,9.8,False,No prior ransomware history,T1486,Data Encrypted for Impact,2024-11-26 13:14:00,1. Disconnect host from network IMMEDIATELY | 2. Snapshot VMs before shutdown | 3. Activate IR playbook | 4. Preserve forensic evidence
369,BruteForce,High,DomainController-01,10,None,0.0,True,Repeated failed logins from same IP over 48h,T1110,Brute Force,2024-11-19 06:44:00,1. Enable account lockout immediately | 2. Block source IP | 3. Enforce MFA | 4. Review VPN/RDP logs for past 24h
370,Malware,High,AppServer-06,6,CVE-2024-21412,9.8,False,No prior incidents,T1059,Command and Scripting Interpreter,2024-11-14 14:23:00,1. Isolate the affected endpoint | 2. Run EDR scan and memory dump | 3. Check SIEM for lateral movement | 4. Review process execution logs (T1059)
371,Malware,Critical,DatabaseServer-04,9,CVE-2024-30051,7.8,True,Similar incident 2 months ago on same subnet,T1059,Command and Scripting Interpreter,2024-11-27 06:41:00,1. Isolate the affected endpoint | 2. Run EDR scan and memory dump | 3. Check SIEM for lateral movement | 4. Review process execution logs (T1059)
372,BruteForce,High,FileServer-02,8,CVE-2024-38077,9.8,True,Repeated failed logins from same IP over 48h,T1110,Brute Force,2024-11-20 03:55:00,1. Enable account lockout immediately | 2. Block source IP | 3. Enforce MFA | 4. Review VPN/RDP logs for past 24h
373,Phishing,High,DatabaseServer-04,9,CVE-2024-20656,7.8,False,First occurrence,T1566,Phishing,2024-11-19 13:20:00,1. Block sender domain at mail gateway | 2. Notify impacted users | 3. Search mailboxes for similar messages | 4. Reset credentials if link was clicked
374,BruteForce,Critical,DomainController-01,10,CVE-2024-38077,9.8,True,Repeated failed logins from same IP over 48h,T1110,Brute Force,2024-11-27 04:18:00,1. Enable account lockout immediately | 2. Block source IP | 3. Enforce MFA | 4. Review VPN/RDP logs for past 24h
375,Ransomware,High,WebServer-03,7,CVE-2024-37085,7.2,True,Ransomware family previously seen in sector,T1486,Data Encrypted for Impact,2024-11-17 23:18:00,1. Disconnect host from network IMMEDIATELY | 2. Snapshot VMs before shutdown | 3. Activate IR playbook | 4. Preserve forensic evidence
376,DataExfiltration,High,FileServer-02,8,None,0.0,False,No prior exfiltration events,T1041,Exfiltration Over C2 Channel,2024-11-28 11:38:00,1. Block destination IP at perimeter | 2. Capture full network traffic | 3. Identify scope of exfiltrated data | 4. Engage legal team
377,DataExfiltration,Medium,Workstation-08,4,None,0.0,False,No prior exfiltration events,T1041,Exfiltration Over C2 Channel,2024-11-25 12:26:00,1. Block destination IP at perimeter | 2. Capture full network traffic | 3. Identify scope of exfiltrated data | 4. Engage legal team
378,Ransomware,Critical,Workstation-07,4,CVE-2024-40711,9.8,False,No prior ransomware history,T1486,Data Encrypted for Impact,2024-11-12 10:13:00,1. Disconnect host from network IMMEDIATELY | 2. Snapshot VMs before shutdown | 3. Activate IR playbook | 4. Preserve forensic evidence
379,Malware,Medium,Workstation-08,4,None,0.0,True,Similar incident 2 months ago on same subnet,T1059,Command and Scripting Interpreter,2024-11-18 09:05:00,1. Isolate the affected endpoint | 2. Run EDR scan and memory dump | 3. Check SIEM for lateral movement | 4. Review process execution logs (T1059)
380,BruteForce,Critical,DatabaseServer-04,9,None,0.0,False,Isolated failed login,T1110,Brute Force,2024-11-09 22:51:00,1. Enable account lockout immediately | 2. Block source IP | 3. Enforce MFA | 4. Review VPN/RDP logs for past 24h
381,BruteForce,High,DomainController-01,10,None,0.0,True,Repeated failed logins from same IP over 48h,T1110,Brute Force,2024-11-11 10:03:00,1. Enable account lockout immediately | 2. Block source IP | 3. Enforce MFA | 4. Review VPN/RDP logs for past 24h
382,Phishing,High,DomainController-01,10,None,0.0,False,First occurrence,T1566,Phishing,2024-11-29 16:47:00,1. Block sender domain at mail gateway | 2. Notify impacted users | 3. Search mailboxes for similar messages | 4. Reset credentials if link was clicked
383,Malware,High,DomainController-01,10,CVE-2024-30051,7.8,False,No prior incidents,T1059,Command and Scripting Interpreter,2024-11-16 01:33:00,1. Isolate the affected endpoint | 2. Run EDR scan and memory dump | 3. Check SIEM for lateral movement | 4. Review process execution logs (T1059)
384,DataExfiltration,Critical,WebServer-03,7,CVE-2024-30103,8.8,True,Unusual outbound traffic spike last week,T1041,Exfiltration Over C2 Channel,2024-11-12 17:46:00,1. Block destination IP at perimeter | 2. Capture full network traffic | 3. Identify scope of exfiltrated data | 4. Engage legal team
385,DataExfiltration,High,DomainController-01,10,None,0.0,False,No prior exfiltration events,T1041,Exfiltration Over C2 Channel,2024-11-03 23:16:00,1. Block destination IP at perimeter | 2. Capture full network traffic | 3. Identify scope of exfiltrated data | 4. Engage legal team
386,Ransomware,High,DomainController-01,10,None,0.0,False,No prior ransomware history,T1486,Data Encrypted for Impact,2024-11-22 13:54:00,1. Disconnect host from network IMMEDIATELY | 2. Snapshot VMs before shutdown | 3. Activate IR playbook | 4. Preserve forensic evidence
387,BruteForce,High,WebServer-03,7,CVE-2024-49563,7.3,True,Repeated failed logins from same IP over 48h,T1110,Brute Force,2024-11-06 04:14:00,1. Enable account lockout immediately | 2. Block source IP | 3. Enforce MFA | 4. Review VPN/RDP logs for past 24h
388,Malware,Critical,DomainController-01,10,CVE-2024-30051,7.8,False,No prior incidents,T1059,Command and Scripting Interpreter,2024-11-07 15:11:00,1. Isolate the affected endpoint | 2. Run EDR scan and memory dump | 3. Check SIEM for lateral movement | 4. Review process execution logs (T1059)
389,DataExfiltration,Critical,Workstation-08,4,None,0.0,False,No prior exfiltration events,T1041,Exfiltration Over C2 Channel,2024-11-14 21:17:00,1. Block destination IP at perimeter | 2. Capture full network traffic | 3. Identify scope of exfiltrated data | 4. Engage legal team
390,Ransomware,High,DomainController-01,10,None,0.0,False,No prior ransomware history,T1486,Data Encrypted for Impact,2024-11-10 18:51:00,1. Disconnect host from network IMMEDIATELY | 2. Snapshot VMs before shutdown | 3. Activate IR playbook | 4. Preserve forensic evidence
391,Malware,High,AppServer-06,6,CVE-2024-21412,9.8,True,Similar incident 2 months ago on same subnet,T1059,Command and Scripting Interpreter,2024-11-14 12:20:00,1. Isolate the affected endpoint | 2. Run EDR scan and memory dump | 3. Check SIEM for lateral movement | 4. Review process execution logs (T1059)
392,BruteForce,Low,Workstation-08,4,None,0.0,True,Repeated failed logins from same IP over 48h,T1110,Brute Force,2024-11-11 14:29:00,1. Enable account lockout immediately | 2. Block source IP | 3. Enforce MFA | 4. Review VPN/RDP logs for past 24h
393,Phishing,High,FileServer-02,8,None,0.0,False,First occurrence,T1566,Phishing,2024-11-01 12:59:00,1. Block sender domain at mail gateway | 2. Notify impacted users | 3. Search mailboxes for similar messages | 4. Reset credentials if link was clicked
394,Malware,High,MailServer-05,7,CVE-2024-21412,9.8,False,No prior incidents,T1059,Command and Scripting Interpreter,2024-11-29 07:24:00,1. Isolate the affected endpoint | 2. Run EDR scan and memory dump | 3. Check SIEM for lateral movement | 4. Review process execution logs (T1059)
395,DataExfiltration,Critical,DomainController-01,10,CVE-2024-30103,8.8,False,No prior exfiltration events,T1041,Exfiltration Over C2 Channel,2024-11-22 05:03:00,1. Block destination IP at perimeter | 2. Capture full network traffic | 3. Identify scope of exfiltrated data | 4. Engage legal team
396,Malware,Critical,WebServer-03,7,CVE-2024-21412,9.8,False,No prior incidents,T1059,Command and Scripting Interpreter,2024-11-23 10:26:00,1. Isolate the affected endpoint | 2. Run EDR scan and memory dump | 3. Check SIEM for lateral movement | 4. Review process execution logs (T1059)
397,BruteForce,Critical,DomainController-01,10,None,0.0,False,Isolated failed login,T1110,Brute Force,2024-11-18 01:04:00,1. Enable account lockout immediately | 2. Block source IP | 3. Enforce MFA | 4. Review VPN/RDP logs for past 24h
398,Malware,Critical,DatabaseServer-04,9,CVE-2024-30051,7.8,True,Similar incident 2 months ago on same subnet,T1059,Command and Scripting Interpreter,2024-11-18 00:44:00,1. Isolate the affected endpoint | 2. Run EDR scan and memory dump | 3. Check SIEM for lateral movement | 4. Review process execution logs (T1059)
399,BruteForce,Critical,Workstation-07,4,None,0.0,True,Repeated failed logins from same IP over 48h,T1110,Brute Force,2024-11-07 01:49:00,1. Enable account lockout immediately | 2. Block source IP | 3. Enforce MFA | 4. Review VPN/RDP logs for past 24h
400,Malware,High,DomainController-01,10,CVE-2024-30051,7.8,False,No prior incidents,T1059,Command and Scripting Interpreter,2024-11-06 09:34:00,1. Isolate the affected endpoint | 2. Run EDR scan and memory dump | 3. Check SIEM for lateral movement | 4. Review process execution logs (T1059)
401,DataExfiltration,High,Workstation-07,4,None,0.0,True,Unusual outbound traffic spike last week,T1041,Exfiltration Over C2 Channel,2024-11-05 02:10:00,1. Block destination IP at perimeter | 2. Capture full network traffic | 3. Identify scope of exfiltrated data | 4. Engage legal team
402,BruteForce,High,DomainController-01,10,CVE-2024-38077,9.8,False,Isolated failed login,T1110,Brute Force,2024-11-05 03:45:00,1. Enable account lockout immediately | 2. Block source IP | 3. Enforce MFA | 4. Review VPN/RDP logs for past 24h
403,BruteForce,High,Workstation-08,4,CVE-2024-49563,7.3,False,Isolated failed login,T1110,Brute Force,2024-11-08 16:01:00,1. Enable account lockout immediately | 2. Block source IP | 3. Enforce MFA | 4. Review VPN/RDP logs for past 24h
404,DataExfiltration,Critical,Workstation-08,4,None,0.0,True,Unusual outbound traffic spike last week,T1041,Exfiltration Over C2 Channel,2024-11-07 05:07:00,1. Block destination IP at perimeter | 2. Capture full network traffic | 3. Identify scope of exfiltrated data | 4. Engage legal team
405,DataExfiltration,Low,Workstation-08,4,None,0.0,False,No prior exfiltration events,T1041,Exfiltration Over C2 Channel,2024-11-28 03:41:00,1. Block destination IP at perimeter | 2. Capture full network traffic | 3. Identify scope of exfiltrated data | 4. Engage legal team
406,Ransomware,Low,Workstation-07,4,None,0.0,False,No prior ransomware history,T1486,Data Encrypted for Impact,2024-11-28 19:28:00,1. Disconnect host from network IMMEDIATELY | 2. Snapshot VMs before shutdown | 3. Activate IR playbook | 4. Preserve forensic evidence
407,Malware,Critical,MailServer-05,7,CVE-2024-21412,9.8,True,Similar incident 2 months ago on same subnet,T1059,Command and Scripting Interpreter,2024-11-08 10:59:00,1. Isolate the affected endpoint | 2. Run EDR scan and memory dump | 3. Check SIEM for lateral movement | 4. Review process execution logs (T1059)
408,DataExfiltration,Critical,AppServer-06,6,None,0.0,True,Unusual outbound traffic spike last week,T1041,Exfiltration Over C2 Channel,2024-11-08 14:22:00,1. Block destination IP at perimeter | 2. Capture full network traffic | 3. Identify scope of exfiltrated data | 4. Engage legal team
409,Malware,High,WebServer-03,7,None,0.0,False,No prior incidents,T1059,Command and Scripting Interpreter,2024-11-27 16:39:00,1. Isolate the affected endpoint | 2. Run EDR scan and memory dump | 3. Check SIEM for lateral movement | 4. Review process execution logs (T1059)
410,BruteForce,High,AppServer-06,6,None,0.0,False,Isolated failed login,T1110,Brute Force,2024-11-17 14:08:00,1. Enable account lockout immediately | 2. Block source IP | 3. Enforce MFA | 4. Review VPN/RDP logs for past 24h
411,Ransomware,High,Workstation-08,4,CVE-2024-37085,7.2,True,Ransomware family previously seen in sector,T1486,Data Encrypted for Impact,2024-11-02 01:24:00,1. Disconnect host from network IMMEDIATELY | 2. Snapshot VMs before shutdown | 3. Activate IR playbook | 4. Preserve forensic evidence
412,BruteForce,High,Workstation-08,4,None,0.0,True,Repeated failed logins from same IP over 48h,T1110,Brute Force,2024-11-14 23:24:00,1. Enable account lockout immediately | 2. Block source IP | 3. Enforce MFA | 4. Review VPN/RDP logs for past 24h
413,Malware,High,FileServer-02,8,CVE-2024-21412,9.8,True,Similar incident 2 months ago on same subnet,T1059,Command and Scripting Interpreter,2024-11-03 17:51:00,1. Isolate the affected endpoint | 2. Run EDR scan and memory dump | 3. Check SIEM for lateral movement | 4. Review process execution logs (T1059)
414,BruteForce,Critical,FileServer-02,8,CVE-2024-38077,9.8,True,Repeated failed logins from same IP over 48h,T1110,Brute Force,2024-11-12 14:34:00,1. Enable account lockout immediately | 2. Block source IP | 3. Enforce MFA | 4. Review VPN/RDP logs for past 24h
415,Phishing,Critical,DomainController-01,10,CVE-2023-36884,8.8,True,Similar phishing attempt observed yesterday,T1566,Phishing,2024-11-17 19:22:00,1. Block sender domain at mail gateway | 2. Notify impacted users | 3. Search mailboxes for similar messages | 4. Reset credentials if link was clicked
416,Phishing,Critical,DatabaseServer-04,9,CVE-2023-36884,8.8,False,First occurrence,T1566,Phishing,2024-12-01 00:22:00,1. Block sender domain at mail gateway | 2. Notify impacted users | 3. Search mailboxes for similar messages | 4. Reset credentials if link was clicked
417,Malware,High,MailServer-05,7,None,0.0,True,Similar incident 2 months ago on same subnet,T1059,Command and Scripting Interpreter,2024-11-09 06:53:00,1. Isolate the affected endpoint | 2. Run EDR scan and memory dump | 3. Check SIEM for lateral movement | 4. Review process execution logs (T1059)
418,DataExfiltration,High,Workstation-07,4,None,0.0,True,Unusual outbound traffic spike last week,T1041,Exfiltration Over C2 Channel,2024-11-05 02:03:00,1. Block destination IP at perimeter | 2. Capture full network traffic | 3. Identify scope of exfiltrated data | 4. Engage legal team
419,Malware,Critical,Workstation-08,4,None,0.0,True,Similar incident 2 months ago on same subnet,T1059,Command and Scripting Interpreter,2024-11-09 20:51:00,1. Isolate the affected endpoint | 2. Run EDR scan and memory dump | 3. Check SIEM for lateral movement | 4. Review process execution logs (T1059)
420,Ransomware,Critical,MailServer-05,7,CVE-2024-40711,9.8,True,Ransomware family previously seen in sector,T1486,Data Encrypted for Impact,2024-11-07 07:49:00,1. Disconnect host from network IMMEDIATELY | 2. Snapshot VMs before shutdown | 3. Activate IR playbook | 4. Preserve forensic evidence
421,BruteForce,Critical,MailServer-05,7,CVE-2024-49563,7.3,True,Repeated failed logins from same IP over 48h,T1110,Brute Force,2024-11-18 03:37:00,1. Enable account lockout immediately | 2. Block source IP | 3. Enforce MFA | 4. Review VPN/RDP logs for past 24h
422,BruteForce,High,DatabaseServer-04,9,CVE-2024-38077,9.8,True,Repeated failed logins from same IP over 48h,T1110,Brute Force,2024-11-28 12:31:00,1. Enable account lockout immediately | 2. Block source IP | 3. Enforce MFA | 4. Review VPN/RDP logs for past 24h
423,Malware,High,Workstation-08,4,None,0.0,False,No prior incidents,T1059,Command and Scripting Interpreter,2024-11-26 09:52:00,1. Isolate the affected endpoint | 2. Run EDR scan and memory dump | 3. Check SIEM for lateral movement | 4. Review process execution logs (T1059)
424,BruteForce,Critical,WebServer-03,7,CVE-2024-38077,9.8,False,Isolated failed login,T1110,Brute Force,2024-12-01 04:36:00,1. Enable account lockout immediately | 2. Block source IP | 3. Enforce MFA | 4. Review VPN/RDP logs for past 24h
425,Phishing,Critical,DomainController-01,10,CVE-2023-36884,8.8,True,Similar phishing attempt observed yesterday,T1566,Phishing,2024-11-27 08:14:00,1. Block sender domain at mail gateway | 2. Notify impacted users | 3. Search mailboxes for similar messages | 4. Reset credentials if link was clicked
426,Malware,Critical,Workstation-07,4,CVE-2024-30051,7.8,False,No prior incidents,T1059,Command and Scripting Interpreter,2024-11-16 01:20:00,1. Isolate the affected endpoint | 2. Run EDR scan and memory dump | 3. Check SIEM for lateral movement | 4. Review process execution logs (T1059)
427,DataExfiltration,High,DomainController-01,10,None,0.0,False,No prior exfiltration events,T1041,Exfiltration Over C2 Channel,2024-11-11 21:44:00,1. Block destination IP at perimeter | 2. Capture full network traffic | 3. Identify scope of exfiltrated data | 4. Engage legal team
428,BruteForce,Medium,Workstation-07,4,None,0.0,False,Isolated failed login,T1110,Brute Force,2024-11-19 03:10:00,1. Enable account lockout immediately | 2. Block source IP | 3. Enforce MFA | 4. Review VPN/RDP logs for past 24h
429,BruteForce,High,AppServer-06,6,None,0.0,False,Isolated failed login,T1110,Brute Force,2024-11-21 16:50:00,1. Enable account lockout immediately | 2. Block source IP | 3. Enforce MFA | 4. Review VPN/RDP logs for past 24h
430,Ransomware,High,FileServer-02,8,CVE-2024-37085,7.2,True,Ransomware family previously seen in sector,T1486,Data Encrypted for Impact,2024-11-02 16:18:00,1. Disconnect host from network IMMEDIATELY | 2. Snapshot VMs before shutdown | 3. Activate IR playbook | 4. Preserve forensic evidence
431,BruteForce,Low,Workstation-07,4,None,0.0,True,Repeated failed logins from same IP over 48h,T1110,Brute Force,2024-11-08 02:46:00,1. Enable account lockout immediately | 2. Block source IP | 3. Enforce MFA | 4. Review VPN/RDP logs for past 24h
432,Phishing,Low,Workstation-08,4,None,0.0,True,Similar phishing attempt observed yesterday,T1566,Phishing,2024-11-19 15:41:00,1. Block sender domain at mail gateway | 2. Notify impacted users | 3. Search mailboxes for similar messages | 4. Reset credentials if link was clicked
433,Phishing,Critical,DatabaseServer-04,9,CVE-2024-20656,7.8,False,First occurrence,T1566,Phishing,2024-11-09 08:26:00,1. Block sender domain at mail gateway | 2. Notify impacted users | 3. Search mailboxes for similar messages | 4. Reset credentials if link was clicked
434,Ransomware,High,Workstation-08,4,CVE-2024-26169,7.0,False,No prior ransomware history,T1486,Data Encrypted for Impact,2024-11-05 08:03:00,1. Disconnect host from network IMMEDIATELY | 2. Snapshot VMs before shutdown | 3. Activate IR playbook | 4. Preserve forensic evidence
435,BruteForce,Critical,Workstation-07,4,CVE-2024-38077,9.8,False,Isolated failed login,T1110,Brute Force,2024-11-04 23:18:00,1. Enable account lockout immediately | 2. Block source IP | 3. Enforce MFA | 4. Review VPN/RDP logs for past 24h
436,Ransomware,Critical,Workstation-07,4,CVE-2024-37085,7.2,False,No prior ransomware history,T1486,Data Encrypted for Impact,2024-11-28 11:18:00,1. Disconnect host from network IMMEDIATELY | 2. Snapshot VMs before shutdown | 3. Activate IR playbook | 4. Preserve forensic evidence
437,BruteForce,High,DomainController-01,10,None,0.0,True,Repeated failed logins from same IP over 48h,T1110,Brute Force,2024-11-29 10:16:00,1. Enable account lockout immediately | 2. Block source IP | 3. Enforce MFA | 4. Review VPN/RDP logs for past 24h
438,BruteForce,Low,Workstation-08,4,None,0.0,False,Isolated failed login,T1110,Brute Force,2024-11-20 06:02:00,1. Enable account lockout immediately | 2. Block source IP | 3. Enforce MFA | 4. Review VPN/RDP logs for past 24h
439,BruteForce,High,FileServer-02,8,None,0.0,False,Isolated failed login,T1110,Brute Force,2024-11-30 23:42:00,1. Enable account lockout immediately | 2. Block source IP | 3. Enforce MFA | 4. Review VPN/RDP logs for past 24h
440,Ransomware,Medium,Workstation-07,4,None,0.0,True,Ransomware family previously seen in sector,T1486,Data Encrypted for Impact,2024-11-17 18:52:00,1. Disconnect host from network IMMEDIATELY | 2. Snapshot VMs before shutdown | 3. Activate IR playbook | 4. Preserve forensic evidence
441,Phishing,High,Workstation-07,4,None,0.0,True,Similar phishing attempt observed yesterday,T1566,Phishing,2024-11-04 14:25:00,1. Block sender domain at mail gateway | 2. Notify impacted users | 3. Search mailboxes for similar messages | 4. Reset credentials if link was clicked
442,Ransomware,High,Workstation-08,4,None,0.0,True,Ransomware family previously seen in sector,T1486,Data Encrypted for Impact,2024-11-30 03:39:00,1. Disconnect host from network IMMEDIATELY | 2. Snapshot VMs before shutdown | 3. Activate IR playbook | 4. Preserve forensic evidence
443,Phishing,High,Workstation-07,4,CVE-2023-36884,8.8,False,First occurrence,T1566,Phishing,2024-11-10 06:51:00,1. Block sender domain at mail gateway | 2. Notify impacted users | 3. Search mailboxes for similar messages | 4. Reset credentials if link was clicked
444,Malware,Critical,DomainController-01,10,None,0.0,True,Similar incident 2 months ago on same subnet,T1059,Command and Scripting Interpreter,2024-11-07 13:53:00,1. Isolate the affected endpoint | 2. Run EDR scan and memory dump | 3. Check SIEM for lateral movement | 4. Review process execution logs (T1059)
445,BruteForce,Critical,DomainController-01,10,CVE-2024-49563,7.3,False,Isolated failed login,T1110,Brute Force,2024-11-15 03:54:00,1. Enable account lockout immediately | 2. Block source IP | 3. Enforce MFA | 4. Review VPN/RDP logs for past 24h
446,BruteForce,High,DomainController-01,10,None,0.0,True,Repeated failed logins from same IP over 48h,T1110,Brute Force,2024-11-06 01:26:00,1. Enable account lockout immediately | 2. Block source IP | 3. Enforce MFA | 4. Review VPN/RDP logs for past 24h
447,Ransomware,Critical,DomainController-01,10,CVE-2024-40711,9.8,False,No prior ransomware history,T1486,Data Encrypted for Impact,2024-11-13 10:55:00,1. Disconnect host from network IMMEDIATELY | 2. Snapshot VMs before shutdown | 3. Activate IR playbook | 4. Preserve forensic evidence
448,BruteForce,High,AppServer-06,6,None,0.0,True,Repeated failed logins from same IP over 48h,T1110,Brute Force,2024-11-27 05:30:00,1. Enable account lockout immediately | 2. Block source IP | 3. Enforce MFA | 4. Review VPN/RDP logs for past 24h
449,BruteForce,Medium,Workstation-08,4,None,0.0,False,Isolated failed login,T1110,Brute Force,2024-11-15 09:44:00,1. Enable account lockout immediately | 2. Block source IP | 3. Enforce MFA | 4. Review VPN/RDP logs for past 24h
450,DataExfiltration,Critical,WebServer-03,7,None,0.0,True,Unusual outbound traffic spike last week,T1041,Exfiltration Over C2 Channel,2024-11-14 04:19:00,1. Block destination IP at perimeter | 2. Capture full network traffic | 3. Identify scope of exfiltrated data | 4. Engage legal team
451,BruteForce,Critical,DomainController-01,10,CVE-2024-38077,9.8,True,Repeated failed logins from same IP over 48h,T1110,Brute Force,2024-11-20 03:49:00,1. Enable account lockout immediately | 2. Block source IP | 3. Enforce MFA | 4. Review VPN/RDP logs for past 24h
452,BruteForce,High,AppServer-06,6,None,0.0,False,Isolated failed login,T1110,Brute Force,2024-11-10 06:58:00,1. Enable account lockout immediately | 2. Block source IP | 3. Enforce MFA | 4. Review VPN/RDP logs for past 24h
453,DataExfiltration,High,Workstation-08,4,None,0.0,True,Unusual outbound traffic spike last week,T1041,Exfiltration Over C2 Channel,2024-11-08 00:04:00,1. Block destination IP at perimeter | 2. Capture full network traffic | 3. Identify scope of exfiltrated data | 4. Engage legal team
454,BruteForce,High,DatabaseServer-04,9,None,0.0,False,Isolated failed login,T1110,Brute Force,2024-11-09 11:56:00,1. Enable account lockout immediately | 2. Block source IP | 3. Enforce MFA | 4. Review VPN/RDP logs for past 24h
455,DataExfiltration,High,FileServer-02,8,CVE-2024-21338,7.8,True,Unusual outbound traffic spike last week,T1041,Exfiltration Over C2 Channel,2024-11-09 17:17:00,1. Block destination IP at perimeter | 2. Capture full network traffic | 3. Identify scope of exfiltrated data | 4. Engage legal team
456,BruteForce,High,AppServer-06,6,CVE-2024-49563,7.3,False,Isolated failed login,T1110,Brute Force,2024-11-22 02:38:00,1. Enable account lockout immediately | 2. Block source IP | 3. Enforce MFA | 4. Review VPN/RDP logs for past 24h
457,Phishing,High,Workstation-07,4,None,0.0,False,First occurrence,T1566,Phishing,2024-11-12 06:47:00,1. Block sender domain at mail gateway | 2. Notify impacted users | 3. Search mailboxes for similar messages | 4. Reset credentials if link was clicked
458,Malware,Critical,DomainController-01,10,None,0.0,True,Similar incident 2 months ago on same subnet,T1059,Command and Scripting Interpreter,2024-11-10 09:54:00,1. Isolate the affected endpoint | 2. Run EDR scan and memory dump | 3. Check SIEM for lateral movement | 4. Review process execution logs (T1059)
459,Malware,Critical,FileServer-02,8,CVE-2024-38112,8.8,True,Similar incident 2 months ago on same subnet,T1059,Command and Scripting Interpreter,2024-11-30 08:00:00,1. Isolate the affected endpoint | 2. Run EDR scan and memory dump | 3. Check SIEM for lateral movement | 4. Review process execution logs (T1059)
460,Malware,High,DatabaseServer-04,9,None,0.0,False,No prior incidents,T1059,Command and Scripting Interpreter,2024-11-27 04:51:00,1. Isolate the affected endpoint | 2. Run EDR scan and memory dump | 3. Check SIEM for lateral movement | 4. Review process execution logs (T1059)
461,Ransomware,High,WebServer-03,7,None,0.0,True,Ransomware family previously seen in sector,T1486,Data Encrypted for Impact,2024-11-20 20:16:00,1. Disconnect host from network IMMEDIATELY | 2. Snapshot VMs before shutdown | 3. Activate IR playbook | 4. Preserve forensic evidence
462,BruteForce,High,Workstation-08,4,None,0.0,False,Isolated failed login,T1110,Brute Force,2024-11-23 01:42:00,1. Enable account lockout immediately | 2. Block source IP | 3. Enforce MFA | 4. Review VPN/RDP logs for past 24h
463,DataExfiltration,High,Workstation-08,4,None,0.0,False,No prior exfiltration events,T1041,Exfiltration Over C2 Channel,2024-11-05 20:30:00,1. Block destination IP at perimeter | 2. Capture full network traffic | 3. Identify scope of exfiltrated data | 4. Engage legal team
464,Phishing,Medium,Workstation-08,4,None,0.0,True,Similar phishing attempt observed yesterday,T1566,Phishing,2024-11-29 01:19:00,1. Block sender domain at mail gateway | 2. Notify impacted users | 3. Search mailboxes for similar messages | 4. Reset credentials if link was clicked
465,BruteForce,High,FileServer-02,8,CVE-2024-49563,7.3,True,Repeated failed logins from same IP over 48h,T1110,Brute Force,2024-11-26 20:25:00,1. Enable account lockout immediately | 2. Block source IP | 3. Enforce MFA | 4. Review VPN/RDP logs for past 24h
466,Ransomware,High,DomainController-01,10,None,0.0,False,No prior ransomware history,T1486,Data Encrypted for Impact,2024-11-19 02:25:00,1. Disconnect host from network IMMEDIATELY | 2. Snapshot VMs before shutdown | 3. Activate IR playbook | 4. Preserve forensic evidence
467,Malware,High,FileServer-02,8,CVE-2024-38112,8.8,False,No prior incidents,T1059,Command and Scripting Interpreter,2024-11-24 01:40:00,1. Isolate the affected endpoint | 2. Run EDR scan and memory dump | 3. Check SIEM for lateral movement | 4. Review process execution logs (T1059)
468,Phishing,High,MailServer-05,7,None,0.0,False,First occurrence,T1566,Phishing,2024-11-29 07:56:00,1. Block sender domain at mail gateway | 2. Notify impacted users | 3. Search mailboxes for similar messages | 4. Reset credentials if link was clicked
469,BruteForce,High,Workstation-07,4,CVE-2024-38077,9.8,True,Repeated failed logins from same IP over 48h,T1110,Brute Force,2024-11-25 02:48:00,1. Enable account lockout immediately | 2. Block source IP | 3. Enforce MFA | 4. Review VPN/RDP logs for past 24h
470,Phishing,Critical,MailServer-05,7,CVE-2024-20656,7.8,False,First occurrence,T1566,Phishing,2024-11-14 08:26:00,1. Block sender domain at mail gateway | 2. Notify impacted users | 3. Search mailboxes for similar messages | 4. Reset credentials if link was clicked
471,BruteForce,Critical,WebServer-03,7,None,0.0,True,Repeated failed logins from same IP over 48h,T1110,Brute Force,2024-11-21 07:03:00,1. Enable account lockout immediately | 2. Block source IP | 3. Enforce MFA | 4. Review VPN/RDP logs for past 24h
472,Ransomware,High,DomainController-01,10,None,0.0,True,Ransomware family previously seen in sector,T1486,Data Encrypted for Impact,2024-11-30 07:24:00,1. Disconnect host from network IMMEDIATELY | 2. Snapshot VMs before shutdown | 3. Activate IR playbook | 4. Preserve forensic evidence
473,BruteForce,High,DatabaseServer-04,9,CVE-2024-38077,9.8,False,Isolated failed login,T1110,Brute Force,2024-11-25 13:57:00,1. Enable account lockout immediately | 2. Block source IP | 3. Enforce MFA | 4. Review VPN/RDP logs for past 24h
474,BruteForce,High,MailServer-05,7,CVE-2024-38077,9.8,True,Repeated failed logins from same IP over 48h,T1110,Brute Force,2024-11-28 04:11:00,1. Enable account lockout immediately | 2. Block source IP | 3. Enforce MFA | 4. Review VPN/RDP logs for past 24h
475,Malware,Critical,Workstation-07,4,CVE-2024-38112,8.8,True,Similar incident 2 months ago on same subnet,T1059,Command and Scripting Interpreter,2024-11-25 20:48:00,1. Isolate the affected endpoint | 2. Run EDR scan and memory dump | 3. Check SIEM for lateral movement | 4. Review process execution logs (T1059)
476,DataExfiltration,Critical,DomainController-01,10,CVE-2024-30103,8.8,True,Unusual outbound traffic spike last week,T1041,Exfiltration Over C2 Channel,2024-11-18 11:27:00,1. Block destination IP at perimeter | 2. Capture full network traffic | 3. Identify scope of exfiltrated data | 4. Engage legal team
477,BruteForce,Critical,DomainController-01,10,None,0.0,False,Isolated failed login,T1110,Brute Force,2024-11-01 20:57:00,1. Enable account lockout immediately | 2. Block source IP | 3. Enforce MFA | 4. Review VPN/RDP logs for past 24h
478,DataExfiltration,High,FileServer-02,8,CVE-2024-21338,7.8,True,Unusual outbound traffic spike last week,T1041,Exfiltration Over C2 Channel,2024-11-11 20:14:00,1. Block destination IP at perimeter | 2. Capture full network traffic | 3. Identify scope of exfiltrated data | 4. Engage legal team
479,BruteForce,Critical,DatabaseServer-04,9,CVE-2024-49563,7.3,True,Repeated failed logins from same IP over 48h,T1110,Brute Force,2024-11-08 09:04:00,1. Enable account lockout immediately | 2. Block source IP | 3. Enforce MFA | 4. Review VPN/RDP logs for past 24h
480,BruteForce,High,WebServer-03,7,None,0.0,True,Repeated failed logins from same IP over 48h,T1110,Brute Force,2024-11-15 15:27:00,1. Enable account lockout immediately | 2. Block source IP | 3. Enforce MFA | 4. Review VPN/RDP logs for past 24h
481,Phishing,High,MailServer-05,7,None,0.0,False,First occurrence,T1566,Phishing,2024-11-18 11:01:00,1. Block sender domain at mail gateway | 2. Notify impacted users | 3. Search mailboxes for similar messages | 4. Reset credentials if link was clicked
482,DataExfiltration,High,DatabaseServer-04,9,CVE-2024-30103,8.8,True,Unusual outbound traffic spike last week,T1041,Exfiltration Over C2 Channel,2024-11-08 11:07:00,1. Block destination IP at perimeter | 2. Capture full network traffic | 3. Identify scope of exfiltrated data | 4. Engage legal team
483,Ransomware,High,DomainController-01,10,None,0.0,False,No prior ransomware history,T1486,Data Encrypted for Impact,2024-11-24 01:39:00,1. Disconnect host from network IMMEDIATELY | 2. Snapshot VMs before shutdown | 3. Activate IR playbook | 4. Preserve forensic evidence
484,Phishing,Medium,Workstation-07,4,None,0.0,False,First occurrence,T1566,Phishing,2024-11-06 04:26:00,1. Block sender domain at mail gateway | 2. Notify impacted users | 3. Search mailboxes for similar messages | 4. Reset credentials if link was clicked
485,Malware,High,WebServer-03,7,None,0.0,False,No prior incidents,T1059,Command and Scripting Interpreter,2024-11-30 12:40:00,1. Isolate the affected endpoint | 2. Run EDR scan and memory dump | 3. Check SIEM for lateral movement | 4. Review process execution logs (T1059)
486,BruteForce,Medium,Workstation-08,4,None,0.0,True,Repeated failed logins from same IP over 48h,T1110,Brute Force,2024-12-01 03:08:00,1. Enable account lockout immediately | 2. Block source IP | 3. Enforce MFA | 4. Review VPN/RDP logs for past 24h
487,Phishing,Critical,Workstation-08,4,None,0.0,False,First occurrence,T1566,Phishing,2024-11-05 18:31:00,1. Block sender domain at mail gateway | 2. Notify impacted users | 3. Search mailboxes for similar messages | 4. Reset credentials if link was clicked
488,Malware,High,WebServer-03,7,None,0.0,False,No prior incidents,T1059,Command and Scripting Interpreter,2024-11-18 17:18:00,1. Isolate the affected endpoint | 2. Run EDR scan and memory dump | 3. Check SIEM for lateral movement | 4. Review process execution logs (T1059)
489,BruteForce,High,FileServer-02,8,None,0.0,False,Isolated failed login,T1110,Brute Force,2024-11-29 21:05:00,1. Enable account lockout immediately | 2. Block source IP | 3. Enforce MFA | 4. Review VPN/RDP logs for past 24h
490,DataExfiltration,High,Workstation-07,4,CVE-2024-30103,8.8,True,Unusual outbound traffic spike last week,T1041,Exfiltration Over C2 Channel,2024-11-04 10:46:00,1. Block destination IP at perimeter | 2. Capture full network traffic | 3. Identify scope of exfiltrated data | 4. Engage legal team
491,Phishing,High,FileServer-02,8,None,0.0,False,First occurrence,T1566,Phishing,2024-11-21 01:03:00,1. Block sender domain at mail gateway | 2. Notify impacted users | 3. Search mailboxes for similar messages | 4. Reset credentials if link was clicked
492,Malware,Medium,Workstation-08,4,None,0.0,True,Similar incident 2 months ago on same subnet,T1059,Command and Scripting Interpreter,2024-11-14 14:27:00,1. Isolate the affected endpoint | 2. Run EDR scan and memory dump | 3. Check SIEM for lateral movement | 4. Review process execution logs (T1059)
493,Malware,High,DomainController-01,10,CVE-2024-21412,9.8,True,Similar incident 2 months ago on same subnet,T1059,Command and Scripting Interpreter,2024-11-08 12:21:00,1. Isolate the affected endpoint | 2. Run EDR scan and memory dump | 3. Check SIEM for lateral movement | 4. Review process execution logs (T1059)
494,BruteForce,Critical,WebServer-03,7,CVE-2024-49563,7.3,False,Isolated failed login,T1110,Brute Force,2024-11-06 02:25:00,1. Enable account lockout immediately | 2. Block source IP | 3. Enforce MFA | 4. Review VPN/RDP logs for past 24h
495,BruteForce,High,AppServer-06,6,None,0.0,True,Repeated failed logins from same IP over 48h,T1110,Brute Force,2024-11-08 08:07:00,1. Enable account lockout immediately | 2. Block source IP | 3. Enforce MFA | 4. Review VPN/RDP logs for past 24h
496,DataExfiltration,High,DatabaseServer-04,9,CVE-2024-21338,7.8,True,Unusual outbound traffic spike last week,T1041,Exfiltration Over C2 Channel,2024-11-25 12:43:00,1. Block destination IP at perimeter | 2. Capture full network traffic | 3. Identify scope of exfiltrated data | 4. Engage legal team
497,Ransomware,Critical,MailServer-05,7,None,0.0,True,Ransomware family previously seen in sector,T1486,Data Encrypted for Impact,2024-11-06 19:30:00,1. Disconnect host from network IMMEDIATELY | 2. Snapshot VMs before shutdown | 3. Activate IR playbook | 4. Preserve forensic evidence
498,Malware,Critical,AppServer-06,6,None,0.0,False,No prior incidents,T1059,Command and Scripting Interpreter,2024-11-14 15:00:00,1. Isolate the affected endpoint | 2. Run EDR scan and memory dump | 3. Check SIEM for lateral movement | 4. Review process execution logs (T1059)
499,Ransomware,High,FileServer-02,8,CVE-2024-26169,7.0,True,Ransomware family previously seen in sector,T1486,Data Encrypted for Impact,2024-11-27 15:06:00,1. Disconnect host from network IMMEDIATELY | 2. Snapshot VMs before shutdown | 3. Activate IR playbook | 4. Preserve forensic evidence
500,DataExfiltration,High,Workstation-07,4,None,0.0,True,Unusual outbound traffic spike last week,T1041,Exfiltration Over C2 Channel,2024-11-07 14:53:00,1. Block destination IP at perimeter | 2. Capture full network traffic | 3. Identify scope of exfiltrated data | 4. Engage legal team
